plan_id,campaign_id,channel_id,media_owner_id,month,planned_budget_eur,planned_impressions,planned_grp
PLN-00001,CMP-0001,CH-AUD,MO-004,2026-04,156853.05,22091979,265.1
PLN-00002,CMP-0001,CH-AUD,MO-004,2026-05,163910.76,23086022,277.03
PLN-00003,CMP-0001,CH-AUD,MO-004,2026-06,150861.67,21248122,254.98
PLN-00004,CMP-0001,CH-RMN,MO-005,2026-04,130467.11,11545762,0.0
PLN-00005,CMP-0001,CH-RMN,MO-005,2026-05,154508.28,13673299,0.0
PLN-00006,CMP-0001,CH-RMN,MO-005,2026-06,142398.52,12601639,0.0
PLN-00007,CMP-0001,CH-TV,MO-001,2026-04,142477.07,6476230,77.71
PLN-00008,CMP-0001,CH-TV,MO-001,2026-05,123922.82,5632856,67.59
PLN-00009,CMP-0001,CH-TV,MO-001,2026-06,100600.72,4572760,54.87
PLN-00010,CMP-0002,CH-DV,MO-002,2026-04,25264.99,1742413,0.0
PLN-00011,CMP-0002,CH-DV,MO-002,2026-05,21836.63,1505974,0.0
PLN-00012,CMP-0002,CH-DV,MO-002,2026-06,28473.51,1963691,0.0
PLN-00013,CMP-0002,CH-RMN,MO-005,2026-04,25837.43,2286499,0.0
PLN-00014,CMP-0002,CH-RMN,MO-005,2026-05,27042.35,2393128,0.0
PLN-00015,CMP-0002,CH-RMN,MO-005,2026-06,30138.99,2667168,0.0
PLN-00016,CMP-0002,CH-TV,MO-001,2026-04,23996.28,1090740,13.09
PLN-00017,CMP-0002,CH-TV,MO-001,2026-05,19684.03,894728,10.74
PLN-00018,CMP-0002,CH-TV,MO-001,2026-06,19725.78,896626,10.76
PLN-00019,CMP-0003,CH-DV,MO-002,2026-04,230834.22,15919602,0.0
PLN-00020,CMP-0003,CH-DV,MO-002,2026-05,214301.92,14779443,0.0
PLN-00021,CMP-0003,CH-DV,MO-002,2026-06,239852.25,16541534,0.0
PLN-00022,CMP-0003,CH-SEA,MO-002,2026-04,110939.0,29194473,0.0
PLN-00023,CMP-0003,CH-SEA,MO-002,2026-05,122934.76,32351253,0.0
PLN-00024,CMP-0003,CH-SEA,MO-002,2026-06,128253.23,33750851,0.0
PLN-00025,CMP-0003,CH-SOC,MO-006,2026-04,97536.39,15731676,0.0
PLN-00026,CMP-0003,CH-SOC,MO-006,2026-05,122538.75,19764314,0.0
PLN-00027,CMP-0003,CH-SOC,MO-006,2026-06,114809.48,18517658,0.0
PLN-00028,CMP-0004,CH-DOOH,MO-003,2026-04,95705.4,10181426,122.18
PLN-00029,CMP-0004,CH-DOOH,MO-003,2026-05,98259.19,10453105,125.44
PLN-00030,CMP-0004,CH-DOOH,MO-003,2026-06,76711.85,8160835,97.93
PLN-00031,CMP-0004,CH-SEA,MO-002,2026-04,45962.92,12095505,0.0
PLN-00032,CMP-0004,CH-SEA,MO-002,2026-05,36832.32,9692715,0.0
PLN-00033,CMP-0004,CH-SEA,MO-002,2026-06,44106.17,11606888,0.0
PLN-00034,CMP-0004,CH-TV,MO-001,2026-04,76976.87,3498949,41.99
PLN-00035,CMP-0004,CH-TV,MO-001,2026-05,91319.13,4150869,49.81
PLN-00036,CMP-0004,CH-TV,MO-001,2026-06,98126.15,4460280,53.52
PLN-00037,CMP-0005,CH-DV,MO-006,2026-04,56470.78,3894537,0.0
PLN-00038,CMP-0005,CH-DV,MO-006,2026-05,67259.01,4638552,0.0
PLN-00039,CMP-0005,CH-DV,MO-006,2026-06,63495.87,4379025,0.0
PLN-00040,CMP-0005,CH-SOC,MO-006,2026-04,62970.79,10156578,0.0
PLN-00041,CMP-0005,CH-SOC,MO-006,2026-05,52354.55,8444282,0.0
PLN-00042,CMP-0005,CH-SOC,MO-006,2026-06,66144.9,10668532,0.0
PLN-00043,CMP-0005,CH-TV,MO-001,2026-04,48645.09,2211140,26.53
PLN-00044,CMP-0005,CH-TV,MO-001,2026-05,41064.81,1866582,22.4
PLN-00045,CMP-0005,CH-TV,MO-001,2026-06,40594.21,1845191,22.14
PLN-00046,CMP-0006,CH-DOOH,MO-003,2026-04,173063.85,18411048,220.93
PLN-00047,CMP-0006,CH-DOOH,MO-003,2026-05,160317.36,17055038,204.66
PLN-00048,CMP-0006,CH-DOOH,MO-003,2026-06,221680.37,23583018,283.0
PLN-00049,CMP-0006,CH-SEA,MO-002,2026-04,122232.82,32166530,0.0
PLN-00050,CMP-0006,CH-SEA,MO-002,2026-05,156663.79,41227314,0.0
PLN-00051,CMP-0006,CH-SEA,MO-002,2026-06,128254.41,33751161,0.0
PLN-00052,CMP-0006,CH-TV,MO-001,2026-04,120202.86,5463766,65.57
PLN-00053,CMP-0006,CH-TV,MO-001,2026-05,115291.99,5240545,62.89
PLN-00054,CMP-0006,CH-TV,MO-001,2026-06,108292.55,4922389,59.07
PLN-00055,CMP-0007,CH-AUD,MO-004,2026-04,21206.4,2986816,35.84
PLN-00056,CMP-0007,CH-AUD,MO-004,2026-05,15613.55,2199092,26.39
PLN-00057,CMP-0007,CH-AUD,MO-004,2026-06,22896.28,3224829,38.7
PLN-00058,CMP-0007,CH-DV,MO-006,2026-04,27279.45,1881341,0.0
PLN-00059,CMP-0007,CH-DV,MO-006,2026-05,23770.46,1639342,0.0
PLN-00060,CMP-0007,CH-DV,MO-006,2026-06,26460.07,1824832,0.0
PLN-00061,CMP-0007,CH-TV,MO-001,2026-04,26122.07,1187367,14.25
PLN-00062,CMP-0007,CH-TV,MO-001,2026-05,20294.6,922482,11.07
PLN-00063,CMP-0007,CH-TV,MO-001,2026-06,20357.12,925324,11.1
PLN-00064,CMP-0008,CH-DOOH,MO-003,2026-04,113584.69,12083478,145.0
PLN-00065,CMP-0008,CH-DOOH,MO-003,2026-05,102393.28,10892902,130.71
PLN-00066,CMP-0008,CH-DOOH,MO-003,2026-06,107967.14,11485866,137.83
PLN-00067,CMP-0008,CH-RMN,MO-005,2026-04,95214.26,8426041,0.0
PLN-00068,CMP-0008,CH-RMN,MO-005,2026-05,88236.14,7808508,0.0
PLN-00069,CMP-0008,CH-RMN,MO-005,2026-06,83821.47,7417829,0.0
PLN-00070,CMP-0008,CH-TV,MO-001,2026-04,92038.76,4183580,50.2
PLN-00071,CMP-0008,CH-TV,MO-001,2026-05,80749.47,3670430,44.05
PLN-00072,CMP-0008,CH-TV,MO-001,2026-06,107994.77,4908853,58.91
PLN-00073,CMP-0009,CH-RMN,MO-005,2026-04,51427.39,4551096,0.0
PLN-00074,CMP-0009,CH-RMN,MO-005,2026-05,55840.54,4941641,0.0
PLN-00075,CMP-0009,CH-RMN,MO-005,2026-06,54179.15,4794615,0.0
PLN-00076,CMP-0009,CH-SEA,MO-002,2026-04,55703.2,14658736,0.0
PLN-00077,CMP-0009,CH-SEA,MO-002,2026-05,45582.16,11995305,0.0
PLN-00078,CMP-0009,CH-SEA,MO-002,2026-06,46041.33,12116140,0.0
PLN-00079,CMP-0009,CH-TV,MO-001,2026-04,45890.79,2085945,25.03
PLN-00080,CMP-0009,CH-TV,MO-001,2026-05,60155.09,2734322,32.81
PLN-00081,CMP-0009,CH-TV,MO-001,2026-06,46180.35,2099107,25.19
PLN-00082,CMP-0010,CH-DOOH,MO-003,2026-04,81648.6,8686022,104.23
PLN-00083,CMP-0010,CH-DOOH,MO-003,2026-05,61803.04,6574791,78.9
PLN-00084,CMP-0010,CH-DOOH,MO-003,2026-06,81088.95,8626484,103.52
PLN-00085,CMP-0010,CH-DV,MO-002,2026-04,104246.25,7189396,0.0
PLN-00086,CMP-0010,CH-DV,MO-002,2026-05,85138.49,5871620,0.0
PLN-00087,CMP-0010,CH-DV,MO-002,2026-06,88522.41,6104994,0.0
PLN-00088,CMP-0010,CH-SEA,MO-002,2026-04,48740.0,12826316,0.0
PLN-00089,CMP-0010,CH-SEA,MO-002,2026-05,50784.94,13364458,0.0
PLN-00090,CMP-0010,CH-SEA,MO-002,2026-06,52027.32,13691399,0.0
PLN-00091,CMP-0011,CH-DV,MO-006,2026-04,59104.16,4076149,0.0
PLN-00092,CMP-0011,CH-DV,MO-006,2026-05,56067.09,3866696,0.0
PLN-00093,CMP-0011,CH-DV,MO-006,2026-06,70740.71,4878670,0.0
PLN-00094,CMP-0011,CH-RMN,MO-005,2026-04,46770.45,4138978,0.0
PLN-00095,CMP-0011,CH-RMN,MO-005,2026-05,37319.01,3302568,0.0
PLN-00096,CMP-0011,CH-RMN,MO-005,2026-06,44205.51,3911992,0.0
PLN-00097,CMP-0011,CH-TV,MO-001,2026-04,68926.34,3133015,37.6
PLN-00098,CMP-0011,CH-TV,MO-001,2026-05,67751.93,3079633,36.96
PLN-00099,CMP-0011,CH-TV,MO-001,2026-06,54114.81,2459764,29.52
PLN-00100,CMP-0012,CH-AUD,MO-004,2026-04,118558.84,16698428,200.38
PLN-00101,CMP-0012,CH-AUD,MO-004,2026-05,87620.83,12340962,148.09
PLN-00102,CMP-0012,CH-AUD,MO-004,2026-06,102032.29,14370746,172.45
PLN-00103,CMP-0012,CH-DV,MO-006,2026-04,67728.99,4670965,0.0
PLN-00104,CMP-0012,CH-DV,MO-006,2026-05,53645.24,3699671,0.0
PLN-00105,CMP-0012,CH-DV,MO-006,2026-06,62101.53,4282864,0.0
PLN-00106,CMP-0012,CH-RMN,MO-005,2026-04,101920.81,9019541,0.0
PLN-00107,CMP-0012,CH-RMN,MO-005,2026-05,79125.4,7002248,0.0
PLN-00108,CMP-0012,CH-RMN,MO-005,2026-06,78266.07,6926201,0.0
PLN-00109,CMP-0013,CH-AUD,MO-004,2026-04,145506.24,20493837,245.93
PLN-00110,CMP-0013,CH-AUD,MO-004,2026-05,149986.01,21124790,253.5
PLN-00111,CMP-0013,CH-AUD,MO-004,2026-06,168567.7,23741929,284.9
PLN-00112,CMP-0013,CH-RMN,MO-005,2026-04,199548.14,17659128,0.0
PLN-00113,CMP-0013,CH-RMN,MO-005,2026-05,219818.11,19452930,0.0
PLN-00114,CMP-0013,CH-RMN,MO-005,2026-06,217592.11,19255939,0.0
PLN-00115,CMP-0013,CH-SOC,MO-006,2026-04,109906.94,17726926,0.0
PLN-00116,CMP-0013,CH-SOC,MO-006,2026-05,116291.06,18756622,0.0
PLN-00117,CMP-0013,CH-SOC,MO-006,2026-06,93783.68,15126400,0.0
PLN-00118,CMP-0014,CH-DOOH,MO-003,2026-04,115957.86,12335943,148.03
PLN-00119,CMP-0014,CH-DOOH,MO-003,2026-05,141561.36,15059719,180.72
PLN-00120,CMP-0014,CH-DOOH,MO-003,2026-06,136895.96,14563400,174.76
PLN-00121,CMP-0014,CH-SEA,MO-002,2026-04,83154.07,21882650,0.0
PLN-00122,CMP-0014,CH-SEA,MO-002,2026-05,84319.01,22189214,0.0
PLN-00123,CMP-0014,CH-SEA,MO-002,2026-06,74141.45,19510907,0.0
PLN-00124,CMP-0014,CH-SOC,MO-006,2026-04,78475.34,12657312,0.0
PLN-00125,CMP-0014,CH-SOC,MO-006,2026-05,94312.24,15211651,0.0
PLN-00126,CMP-0014,CH-SOC,MO-006,2026-06,67182.72,10835922,0.0
PLN-00127,CMP-0015,CH-DOOH,MO-003,2026-04,27818.4,2959404,35.51
PLN-00128,CMP-0015,CH-DOOH,MO-003,2026-05,25474.18,2710019,32.52
PLN-00129,CMP-0015,CH-DOOH,MO-003,2026-06,23729.42,2524406,30.29
PLN-00130,CMP-0015,CH-RMN,MO-005,2026-04,32142.45,2844465,0.0
PLN-00131,CMP-0015,CH-RMN,MO-005,2026-05,35968.96,3183094,0.0
PLN-00132,CMP-0015,CH-RMN,MO-005,2026-06,31002.85,2743615,0.0
PLN-00133,CMP-0015,CH-TV,MO-001,2026-04,28144.08,1279276,15.35
PLN-00134,CMP-0015,CH-TV,MO-001,2026-05,34244.96,1556589,18.68
PLN-00135,CMP-0015,CH-TV,MO-001,2026-06,30474.71,1385214,16.62
PLN-00136,CMP-0016,CH-AUD,MO-004,2026-04,26235.33,3695117,44.34
PLN-00137,CMP-0016,CH-AUD,MO-004,2026-05,25920.46,3650769,43.81
PLN-00138,CMP-0016,CH-AUD,MO-004,2026-06,28487.25,4012289,48.15
PLN-00139,CMP-0016,CH-SEA,MO-002,2026-04,32754.99,8619733,0.0
PLN-00140,CMP-0016,CH-SEA,MO-002,2026-05,26424.53,6953822,0.0
PLN-00141,CMP-0016,CH-SEA,MO-002,2026-06,28262.21,7437423,0.0
PLN-00142,CMP-0016,CH-TV,MO-001,2026-04,16759.49,761795,9.14
PLN-00143,CMP-0016,CH-TV,MO-001,2026-05,11544.63,524756,6.3
PLN-00144,CMP-0016,CH-TV,MO-001,2026-06,12611.12,573233,6.88
PLN-00145,CMP-0017,CH-AUD,MO-004,2026-04,40452.46,5697529,68.37
PLN-00146,CMP-0017,CH-AUD,MO-004,2026-05,42978.54,6053315,72.64
PLN-00147,CMP-0017,CH-AUD,MO-004,2026-06,44305.04,6240147,74.88
PLN-00148,CMP-0017,CH-DOOH,MO-003,2026-04,55172.42,5869407,70.43
PLN-00149,CMP-0017,CH-DOOH,MO-003,2026-05,46046.26,4898539,58.78
PLN-00150,CMP-0017,CH-DOOH,MO-003,2026-06,53745.76,5717634,68.61
PLN-00151,CMP-0017,CH-SOC,MO-006,2026-04,42850.42,6911358,0.0
PLN-00152,CMP-0017,CH-SOC,MO-006,2026-05,46026.66,7423655,0.0
PLN-00153,CMP-0017,CH-SOC,MO-006,2026-06,41422.43,6681038,0.0
PLN-00154,CMP-0018,CH-RMN,MO-005,2026-04,109089.42,9653931,0.0
PLN-00155,CMP-0018,CH-RMN,MO-005,2026-05,137195.67,12141210,0.0
PLN-00156,CMP-0018,CH-RMN,MO-005,2026-06,133012.63,11771029,0.0
PLN-00157,CMP-0018,CH-SEA,MO-002,2026-04,93955.07,24725018,0.0
PLN-00158,CMP-0018,CH-SEA,MO-002,2026-05,108935.76,28667306,0.0
PLN-00159,CMP-0018,CH-SEA,MO-002,2026-06,93988.86,24733910,0.0
PLN-00160,CMP-0018,CH-SOC,MO-006,2026-04,123171.52,19866374,0.0
PLN-00161,CMP-0018,CH-SOC,MO-006,2026-05,124277.0,20044678,0.0
PLN-00162,CMP-0018,CH-SOC,MO-006,2026-06,103374.07,16673237,0.0
PLN-00163,CMP-0019,CH-AUD,MO-004,2026-04,109482.37,15420052,185.04
PLN-00164,CMP-0019,CH-AUD,MO-004,2026-05,84569.84,11911245,142.93
PLN-00165,CMP-0019,CH-AUD,MO-004,2026-06,92215.84,12988146,155.86
PLN-00166,CMP-0019,CH-SEA,MO-002,2026-04,149119.1,39241868,0.0
PLN-00167,CMP-0019,CH-SEA,MO-002,2026-05,148974.46,39203804,0.0
PLN-00168,CMP-0019,CH-SEA,MO-002,2026-06,159843.5,42064080,0.0
PLN-00169,CMP-0019,CH-SOC,MO-006,2026-04,78127.48,12601206,0.0
PLN-00170,CMP-0019,CH-SOC,MO-006,2026-05,72247.9,11652887,0.0
PLN-00171,CMP-0019,CH-SOC,MO-006,2026-06,67419.51,10874115,0.0
PLN-00172,CMP-0020,CH-DOOH,MO-003,2026-04,66082.34,7030036,84.36
PLN-00173,CMP-0020,CH-DOOH,MO-003,2026-05,63469.42,6752066,81.02
PLN-00174,CMP-0020,CH-DOOH,MO-003,2026-06,47487.8,5051893,60.62
PLN-00175,CMP-0020,CH-DV,MO-006,2026-04,66788.24,4606085,0.0
PLN-00176,CMP-0020,CH-DV,MO-006,2026-05,60820.36,4194508,0.0
PLN-00177,CMP-0020,CH-DV,MO-006,2026-06,50895.66,3510045,0.0
PLN-00178,CMP-0020,CH-SOC,MO-006,2026-04,34000.13,5483891,0.0
PLN-00179,CMP-0020,CH-SOC,MO-006,2026-05,29986.98,4836610,0.0
PLN-00180,CMP-0020,CH-SOC,MO-006,2026-06,26469.09,4269208,0.0
PLN-00181,CMP-0021,CH-DOOH,MO-003,2026-04,163648.89,17409456,208.91
PLN-00182,CMP-0021,CH-DOOH,MO-003,2026-05,202159.84,21506366,258.08
PLN-00183,CMP-0021,CH-DOOH,MO-003,2026-06,159550.93,16973504,203.68
PLN-00184,CMP-0021,CH-DV,MO-006,2026-04,95030.16,6553804,0.0
PLN-00185,CMP-0021,CH-DV,MO-006,2026-05,77228.88,5326130,0.0
PLN-00186,CMP-0021,CH-DV,MO-006,2026-06,71912.24,4959465,0.0
PLN-00187,CMP-0021,CH-SEA,MO-002,2026-04,133897.25,35236119,0.0
PLN-00188,CMP-0021,CH-SEA,MO-002,2026-05,126143.29,33195603,0.0
PLN-00189,CMP-0021,CH-SEA,MO-002,2026-06,95428.51,25112767,0.0
PLN-00190,CMP-0022,CH-AUD,MO-004,2026-04,67912.54,9565147,114.78
PLN-00191,CMP-0022,CH-AUD,MO-004,2026-05,61763.0,8699014,104.39
PLN-00192,CMP-0022,CH-AUD,MO-004,2026-06,57287.57,8068672,96.82
PLN-00193,CMP-0022,CH-DV,MO-006,2026-04,68697.34,4737747,0.0
PLN-00194,CMP-0022,CH-DV,MO-006,2026-05,56939.81,3926884,0.0
PLN-00195,CMP-0022,CH-DV,MO-006,2026-06,63515.2,4380359,0.0
PLN-00196,CMP-0022,CH-RMN,MO-005,2026-04,76498.66,6769793,0.0
PLN-00197,CMP-0022,CH-RMN,MO-005,2026-05,70651.83,6252374,0.0
PLN-00198,CMP-0022,CH-RMN,MO-005,2026-06,93734.05,8295049,0.0
PLN-00199,CMP-0023,CH-DOOH,MO-003,2026-04,115815.17,12320763,147.85
PLN-00200,CMP-0023,CH-DOOH,MO-003,2026-05,122248.67,13005178,156.06
PLN-00201,CMP-0023,CH-DOOH,MO-003,2026-06,122820.62,13066023,156.79
PLN-00202,CMP-0023,CH-RMN,MO-005,2026-04,109948.55,9729960,0.0
PLN-00203,CMP-0023,CH-RMN,MO-005,2026-05,80644.39,7136672,0.0
PLN-00204,CMP-0023,CH-RMN,MO-005,2026-06,103767.13,9182932,0.0
PLN-00205,CMP-0023,CH-SEA,MO-002,2026-04,116843.78,30748363,0.0
PLN-00206,CMP-0023,CH-SEA,MO-002,2026-05,157275.83,41388377,0.0
PLN-00207,CMP-0023,CH-SEA,MO-002,2026-06,110635.86,29114699,0.0
PLN-00208,CMP-0024,CH-DOOH,MO-003,2026-04,174382.84,18551366,222.62
PLN-00209,CMP-0024,CH-DOOH,MO-003,2026-05,194982.3,20742798,248.91
PLN-00210,CMP-0024,CH-DOOH,MO-003,2026-06,177988.4,18934936,227.22
PLN-00211,CMP-0024,CH-DV,MO-006,2026-04,173555.61,11969352,0.0
PLN-00212,CMP-0024,CH-DV,MO-006,2026-05,171131.69,11802186,0.0
PLN-00213,CMP-0024,CH-DV,MO-006,2026-06,195293.6,13468524,0.0
PLN-00214,CMP-0024,CH-SEA,MO-002,2026-04,80873.26,21282437,0.0
PLN-00215,CMP-0024,CH-SEA,MO-002,2026-05,101544.72,26722294,0.0
PLN-00216,CMP-0024,CH-SEA,MO-002,2026-06,104247.58,27433575,0.0
PLN-00217,CMP-0025,CH-DV,MO-006,2026-04,31159.73,2148947,0.0
PLN-00218,CMP-0025,CH-DV,MO-006,2026-05,34744.89,2396199,0.0
PLN-00219,CMP-0025,CH-DV,MO-006,2026-06,43743.22,3016774,0.0
PLN-00220,CMP-0025,CH-RMN,MO-005,2026-04,22857.75,2022810,0.0
PLN-00221,CMP-0025,CH-RMN,MO-005,2026-05,26202.76,2318829,0.0
PLN-00222,CMP-0025,CH-RMN,MO-005,2026-06,29659.89,2624769,0.0
PLN-00223,CMP-0025,CH-TV,MO-001,2026-04,31828.56,1446753,17.36
PLN-00224,CMP-0025,CH-TV,MO-001,2026-05,30368.5,1380387,16.56
PLN-00225,CMP-0025,CH-TV,MO-001,2026-06,27434.7,1247032,14.96
PLN-00226,CMP-0026,CH-DV,MO-006,2026-04,100390.02,6923450,0.0
PLN-00227,CMP-0026,CH-DV,MO-006,2026-05,74610.59,5145558,0.0
PLN-00228,CMP-0026,CH-DV,MO-006,2026-06,101640.57,7009694,0.0
PLN-00229,CMP-0026,CH-RMN,MO-005,2026-04,84959.0,7518496,0.0
PLN-00230,CMP-0026,CH-RMN,MO-005,2026-05,98553.18,8721520,0.0
PLN-00231,CMP-0026,CH-RMN,MO-005,2026-06,79946.3,7074894,0.0
PLN-00232,CMP-0026,CH-SOC,MO-006,2026-04,107257.75,17299637,0.0
PLN-00233,CMP-0026,CH-SOC,MO-006,2026-05,93712.74,15114958,0.0
PLN-00234,CMP-0026,CH-SOC,MO-006,2026-06,119929.85,19343524,0.0
PLN-00235,CMP-0027,CH-DV,MO-006,2026-04,111127.07,7663936,0.0
PLN-00236,CMP-0027,CH-DV,MO-006,2026-05,120228.77,8291639,0.0
PLN-00237,CMP-0027,CH-DV,MO-006,2026-06,121812.45,8400858,0.0
PLN-00238,CMP-0027,CH-RMN,MO-005,2026-04,82305.61,7283682,0.0
PLN-00239,CMP-0027,CH-RMN,MO-005,2026-05,98465.27,8713741,0.0
PLN-00240,CMP-0027,CH-RMN,MO-005,2026-06,92117.28,8151971,0.0
PLN-00241,CMP-0027,CH-SOC,MO-006,2026-04,129198.15,20838412,0.0
PLN-00242,CMP-0027,CH-SOC,MO-006,2026-05,109818.9,17712726,0.0
PLN-00243,CMP-0027,CH-SOC,MO-006,2026-06,130926.5,21117178,0.0
PLN-00244,CMP-0028,CH-AUD,MO-004,2026-04,92564.96,13037318,156.45
PLN-00245,CMP-0028,CH-AUD,MO-004,2026-05,86302.17,12155235,145.86
PLN-00246,CMP-0028,CH-AUD,MO-004,2026-06,84551.7,11908691,142.9
PLN-00247,CMP-0028,CH-DOOH,MO-003,2026-04,98930.07,10524476,126.29
PLN-00248,CMP-0028,CH-DOOH,MO-003,2026-05,110576.88,11763498,141.16
PLN-00249,CMP-0028,CH-DOOH,MO-003,2026-06,95730.06,10184048,122.21
PLN-00250,CMP-0028,CH-RMN,MO-005,2026-04,113375.96,10033271,0.0
PLN-00251,CMP-0028,CH-RMN,MO-005,2026-05,111995.94,9911145,0.0
PLN-00252,CMP-0028,CH-RMN,MO-005,2026-06,81972.25,7254181,0.0
PLN-00253,CMP-0029,CH-AUD,MO-004,2026-04,68092.75,9590528,115.09
PLN-00254,CMP-0029,CH-AUD,MO-004,2026-05,62857.01,8853101,106.24
PLN-00255,CMP-0029,CH-AUD,MO-004,2026-06,66163.41,9318790,111.83
PLN-00256,CMP-0029,CH-DOOH,MO-003,2026-04,56574.69,6018584,72.22
PLN-00257,CMP-0029,CH-DOOH,MO-003,2026-05,62454.9,6644139,79.73
PLN-00258,CMP-0029,CH-DOOH,MO-003,2026-06,58807.96,6256165,75.07
PLN-00259,CMP-0029,CH-DV,MO-002,2026-04,61371.9,4232545,0.0
PLN-00260,CMP-0029,CH-DV,MO-002,2026-05,68972.49,4756723,0.0
PLN-00261,CMP-0029,CH-DV,MO-002,2026-06,76704.89,5289993,0.0
PLN-00262,CMP-0030,CH-AUD,MO-004,2026-04,53124.68,7482350,89.79
PLN-00263,CMP-0030,CH-AUD,MO-004,2026-05,50624.04,7130146,85.56
PLN-00264,CMP-0030,CH-AUD,MO-004,2026-06,57395.48,8083870,97.01
PLN-00265,CMP-0030,CH-RMN,MO-005,2026-04,57657.43,5102428,0.0
PLN-00266,CMP-0030,CH-RMN,MO-005,2026-05,69558.59,6155627,0.0
PLN-00267,CMP-0030,CH-RMN,MO-005,2026-06,59517.16,5267005,0.0
PLN-00268,CMP-0030,CH-SEA,MO-002,2026-04,61194.09,16103708,0.0
PLN-00269,CMP-0030,CH-SEA,MO-002,2026-05,52943.78,13932575,0.0
PLN-00270,CMP-0030,CH-SEA,MO-002,2026-06,59984.75,15785459,0.0
PLN-00271,CMP-0031,CH-AUD,MO-004,2026-04,24300.56,3422615,41.07
PLN-00272,CMP-0031,CH-AUD,MO-004,2026-05,31166.85,4389698,52.68
PLN-00273,CMP-0031,CH-AUD,MO-004,2026-06,29930.03,4215498,50.59
PLN-00274,CMP-0031,CH-DOOH,MO-003,2026-04,16985.91,1807012,21.68
PLN-00275,CMP-0031,CH-DOOH,MO-003,2026-05,23036.43,2450684,29.41
PLN-00276,CMP-0031,CH-DOOH,MO-003,2026-06,16221.65,1725708,20.71
PLN-00277,CMP-0031,CH-SOC,MO-006,2026-04,12010.72,1937213,0.0
PLN-00278,CMP-0031,CH-SOC,MO-006,2026-05,14473.41,2334421,0.0
PLN-00279,CMP-0031,CH-SOC,MO-006,2026-06,11874.42,1915228,0.0
PLN-00280,CMP-0032,CH-DOOH,MO-003,2026-04,92462.3,9836415,118.04
PLN-00281,CMP-0032,CH-DOOH,MO-003,2026-05,79699.89,8478712,101.74
PLN-00282,CMP-0032,CH-DOOH,MO-003,2026-06,89939.47,9568029,114.82
PLN-00283,CMP-0032,CH-RMN,MO-005,2026-04,89664.11,7934877,0.0
PLN-00284,CMP-0032,CH-RMN,MO-005,2026-05,105890.61,9370850,0.0
PLN-00285,CMP-0032,CH-RMN,MO-005,2026-06,112827.41,9984727,0.0
PLN-00286,CMP-0032,CH-SOC,MO-006,2026-04,75797.74,12225442,0.0
PLN-00287,CMP-0032,CH-SOC,MO-006,2026-05,98078.48,15819109,0.0
PLN-00288,CMP-0032,CH-SOC,MO-006,2026-06,85640.0,13812904,0.0
PLN-00289,CMP-0033,CH-SEA,MO-002,2026-04,72146.37,18985888,0.0
PLN-00290,CMP-0033,CH-SEA,MO-002,2026-05,101827.6,26796737,0.0
PLN-00291,CMP-0033,CH-SEA,MO-002,2026-06,76002.3,20000606,0.0
PLN-00292,CMP-0033,CH-SOC,MO-006,2026-04,80510.92,12985632,0.0
PLN-00293,CMP-0033,CH-SOC,MO-006,2026-05,97453.82,15718357,0.0
PLN-00294,CMP-0033,CH-SOC,MO-006,2026-06,83239.92,13425793,0.0
PLN-00295,CMP-0033,CH-TV,MO-001,2026-04,74746.24,3397556,40.77
PLN-00296,CMP-0033,CH-TV,MO-001,2026-05,74107.41,3368519,40.42
PLN-00297,CMP-0033,CH-TV,MO-001,2026-06,95965.42,4362064,52.34
PLN-00298,CMP-0034,CH-AUD,MO-004,2026-04,33095.6,4661352,55.94
PLN-00299,CMP-0034,CH-AUD,MO-004,2026-05,29028.84,4088570,49.06
PLN-00300,CMP-0034,CH-AUD,MO-004,2026-06,30678.62,4320932,51.85
PLN-00301,CMP-0034,CH-DOOH,MO-003,2026-04,24365.36,2592060,31.1
PLN-00302,CMP-0034,CH-DOOH,MO-003,2026-05,24539.58,2610594,31.33
PLN-00303,CMP-0034,CH-DOOH,MO-003,2026-06,25019.99,2661701,31.94
PLN-00304,CMP-0034,CH-TV,MO-001,2026-04,47340.77,2151853,25.82
PLN-00305,CMP-0034,CH-TV,MO-001,2026-05,56665.32,2575697,30.91
PLN-00306,CMP-0034,CH-TV,MO-001,2026-06,53265.91,2421178,29.05
PLN-00307,CMP-0035,CH-DV,MO-002,2026-04,79908.71,5510945,0.0
PLN-00308,CMP-0035,CH-DV,MO-002,2026-05,92402.88,6372612,0.0
PLN-00309,CMP-0035,CH-DV,MO-002,2026-06,87244.77,6016880,0.0
PLN-00310,CMP-0035,CH-RMN,MO-005,2026-04,40048.93,3544153,0.0
PLN-00311,CMP-0035,CH-RMN,MO-005,2026-05,45697.92,4044063,0.0
PLN-00312,CMP-0035,CH-RMN,MO-005,2026-06,48767.03,4315666,0.0
PLN-00313,CMP-0035,CH-TV,MO-001,2026-04,77733.67,3533349,42.4
PLN-00314,CMP-0035,CH-TV,MO-001,2026-05,92652.1,4211459,50.54
PLN-00315,CMP-0035,CH-TV,MO-001,2026-06,90544.01,4115637,49.39
PLN-00316,CMP-0036,CH-DV,MO-002,2026-04,185143.15,12768493,0.0
PLN-00317,CMP-0036,CH-DV,MO-002,2026-05,152588.45,10523342,0.0
PLN-00318,CMP-0036,CH-DV,MO-002,2026-06,186002.14,12827734,0.0
PLN-00319,CMP-0036,CH-SEA,MO-002,2026-04,96583.98,25416838,0.0
PLN-00320,CMP-0036,CH-SEA,MO-002,2026-05,87476.65,23020170,0.0
PLN-00321,CMP-0036,CH-SEA,MO-002,2026-06,81869.05,21544487,0.0
PLN-00322,CMP-0036,CH-SOC,MO-006,2026-04,164359.03,26509521,0.0
PLN-00323,CMP-0036,CH-SOC,MO-006,2026-05,210697.13,33983408,0.0
PLN-00324,CMP-0036,CH-SOC,MO-006,2026-06,181280.42,29238777,0.0
PLN-00325,CMP-0037,CH-AUD,MO-004,2026-04,60703.84,8549836,102.6
PLN-00326,CMP-0037,CH-AUD,MO-004,2026-05,59888.02,8434932,101.22
PLN-00327,CMP-0037,CH-AUD,MO-004,2026-06,61633.18,8680729,104.17
PLN-00328,CMP-0037,CH-DV,MO-002,2026-04,103044.38,7106509,0.0
PLN-00329,CMP-0037,CH-DV,MO-002,2026-05,115866.27,7990777,0.0
PLN-00330,CMP-0037,CH-DV,MO-002,2026-06,84255.69,5810737,0.0
PLN-00331,CMP-0037,CH-SEA,MO-002,2026-04,65342.9,17195500,0.0
PLN-00332,CMP-0037,CH-SEA,MO-002,2026-05,88075.97,23177887,0.0
PLN-00333,CMP-0037,CH-SEA,MO-002,2026-06,90189.75,23734145,0.0
PLN-00334,CMP-0038,CH-DOOH,MO-003,2026-04,33562.56,3570485,42.85
PLN-00335,CMP-0038,CH-DOOH,MO-003,2026-05,43783.94,4657866,55.89
PLN-00336,CMP-0038,CH-DOOH,MO-003,2026-06,45498.89,4840307,58.08
PLN-00337,CMP-0038,CH-RMN,MO-005,2026-04,42422.81,3754231,0.0
PLN-00338,CMP-0038,CH-RMN,MO-005,2026-05,40691.77,3601041,0.0
PLN-00339,CMP-0038,CH-RMN,MO-005,2026-06,42933.65,3799438,0.0
PLN-00340,CMP-0038,CH-TV,MO-001,2026-04,46896.19,2131645,25.58
PLN-00341,CMP-0038,CH-TV,MO-001,2026-05,35747.98,1624908,19.5
PLN-00342,CMP-0038,CH-TV,MO-001,2026-06,36462.22,1657374,19.89
PLN-00343,CMP-0039,CH-AUD,MO-004,2026-04,94488.09,13308182,159.7
PLN-00344,CMP-0039,CH-AUD,MO-004,2026-05,81549.22,11485805,137.83
PLN-00345,CMP-0039,CH-AUD,MO-004,2026-06,114722.76,16158136,193.9
PLN-00346,CMP-0039,CH-DOOH,MO-003,2026-04,69527.13,7396503,88.76
PLN-00347,CMP-0039,CH-DOOH,MO-003,2026-05,98454.29,10473861,125.69
PLN-00348,CMP-0039,CH-DOOH,MO-003,2026-06,75091.43,7988450,95.86
PLN-00349,CMP-0039,CH-SEA,MO-002,2026-04,68753.66,18093068,0.0
PLN-00350,CMP-0039,CH-SEA,MO-002,2026-05,93544.39,24616945,0.0
PLN-00351,CMP-0039,CH-SEA,MO-002,2026-06,73869.03,19439219,0.0
PLN-00352,CMP-0040,CH-AUD,MO-004,2026-04,97165.22,13685242,164.22
PLN-00353,CMP-0040,CH-AUD,MO-004,2026-05,127579.64,17968963,215.63
PLN-00354,CMP-0040,CH-AUD,MO-004,2026-06,125819.21,17721016,212.65
PLN-00355,CMP-0040,CH-DV,MO-006,2026-04,175051.79,12072537,0.0
PLN-00356,CMP-0040,CH-DV,MO-006,2026-05,163900.5,11303483,0.0
PLN-00357,CMP-0040,CH-DV,MO-006,2026-06,160110.51,11042104,0.0
PLN-00358,CMP-0040,CH-SEA,MO-002,2026-04,102638.97,27010254,0.0
PLN-00359,CMP-0040,CH-SEA,MO-002,2026-05,121015.35,31846145,0.0
PLN-00360,CMP-0040,CH-SEA,MO-002,2026-06,124718.81,32820741,0.0
PLN-00361,CMP-0041,CH-DOOH,MO-003,2026-07,110104.25,11713218,140.56
PLN-00362,CMP-0041,CH-DOOH,MO-003,2026-08,126416.73,13448589,161.38
PLN-00363,CMP-0041,CH-DOOH,MO-003,2026-09,97092.74,10329015,123.95
PLN-00364,CMP-0041,CH-RMN,MO-005,2026-07,113397.14,10035145,0.0
PLN-00365,CMP-0041,CH-RMN,MO-005,2026-08,105570.73,9342543,0.0
PLN-00366,CMP-0041,CH-RMN,MO-005,2026-09,124005.49,10973937,0.0
PLN-00367,CMP-0041,CH-SEA,MO-002,2026-07,182261.79,47963628,0.0
PLN-00368,CMP-0041,CH-SEA,MO-002,2026-08,149203.93,39264193,0.0
PLN-00369,CMP-0041,CH-SEA,MO-002,2026-09,177947.19,46828209,0.0
PLN-00370,CMP-0042,CH-DV,MO-002,2026-07,47657.25,3286707,0.0
PLN-00371,CMP-0042,CH-DV,MO-002,2026-08,46275.51,3191415,0.0
PLN-00372,CMP-0042,CH-DV,MO-002,2026-09,43459.21,2997187,0.0
PLN-00373,CMP-0042,CH-RMN,MO-005,2026-07,67997.42,6017471,0.0
PLN-00374,CMP-0042,CH-RMN,MO-005,2026-08,60363.61,5341912,0.0
PLN-00375,CMP-0042,CH-RMN,MO-005,2026-09,54127.55,4790049,0.0
PLN-00376,CMP-0042,CH-SEA,MO-002,2026-07,70652.97,18592886,0.0
PLN-00377,CMP-0042,CH-SEA,MO-002,2026-08,69363.22,18253478,0.0
PLN-00378,CMP-0042,CH-SEA,MO-002,2026-09,84103.27,22132439,0.0
PLN-00379,CMP-0043,CH-AUD,MO-004,2026-07,106526.96,15003797,180.05
PLN-00380,CMP-0043,CH-AUD,MO-004,2026-08,111723.22,15735665,188.83
PLN-00381,CMP-0043,CH-AUD,MO-004,2026-09,85615.78,12058560,144.7
PLN-00382,CMP-0043,CH-DV,MO-002,2026-07,83467.72,5756395,0.0
PLN-00383,CMP-0043,CH-DV,MO-002,2026-08,94401.92,6510477,0.0
PLN-00384,CMP-0043,CH-DV,MO-002,2026-09,97631.85,6733231,0.0
PLN-00385,CMP-0043,CH-SEA,MO-002,2026-07,126144.26,33195859,0.0
PLN-00386,CMP-0043,CH-SEA,MO-002,2026-08,174686.98,45970258,0.0
PLN-00387,CMP-0043,CH-SEA,MO-002,2026-09,165801.29,43631920,0.0
PLN-00388,CMP-0044,CH-AUD,MO-004,2026-07,63711.81,8973494,107.68
PLN-00389,CMP-0044,CH-AUD,MO-004,2026-08,62002.51,8732747,104.79
PLN-00390,CMP-0044,CH-AUD,MO-004,2026-09,80316.63,11312201,135.75
PLN-00391,CMP-0044,CH-DOOH,MO-003,2026-07,55763.87,5932326,71.19
PLN-00392,CMP-0044,CH-DOOH,MO-003,2026-08,67179.51,7146757,85.76
PLN-00393,CMP-0044,CH-DOOH,MO-003,2026-09,67981.86,7232113,86.79
PLN-00394,CMP-0044,CH-SEA,MO-002,2026-07,61581.49,16205655,0.0
PLN-00395,CMP-0044,CH-SEA,MO-002,2026-08,66536.42,17509583,0.0
PLN-00396,CMP-0044,CH-SEA,MO-002,2026-09,66925.92,17612083,0.0
PLN-00397,CMP-0045,CH-DOOH,MO-003,2026-07,89650.52,9537289,114.45
PLN-00398,CMP-0045,CH-DOOH,MO-003,2026-08,105550.98,11228828,134.75
PLN-00399,CMP-0045,CH-DOOH,MO-003,2026-09,112432.12,11960864,143.53
PLN-00400,CMP-0045,CH-SEA,MO-002,2026-07,132236.52,34799083,0.0
PLN-00401,CMP-0045,CH-SEA,MO-002,2026-08,131931.72,34718873,0.0
PLN-00402,CMP-0045,CH-SEA,MO-002,2026-09,154297.7,40604657,0.0
PLN-00403,CMP-0045,CH-TV,MO-001,2026-07,98285.92,4467542,53.61
PLN-00404,CMP-0045,CH-TV,MO-001,2026-08,115784.96,5262953,63.16
PLN-00405,CMP-0045,CH-TV,MO-001,2026-09,109829.57,4992253,59.91
PLN-00406,CMP-0046,CH-AUD,MO-004,2026-07,58172.05,8193246,98.32
PLN-00407,CMP-0046,CH-AUD,MO-004,2026-08,69672.8,9813071,117.76
PLN-00408,CMP-0046,CH-AUD,MO-004,2026-09,67351.18,9486081,113.83
PLN-00409,CMP-0046,CH-DOOH,MO-003,2026-07,151915.44,16161217,193.93
PLN-00410,CMP-0046,CH-DOOH,MO-003,2026-08,128471.87,13667220,164.01
PLN-00411,CMP-0046,CH-DOOH,MO-003,2026-09,106477.56,11327399,135.93
PLN-00412,CMP-0046,CH-DV,MO-002,2026-07,91415.5,6304517,0.0
PLN-00413,CMP-0046,CH-DV,MO-002,2026-08,98457.62,6790180,0.0
PLN-00414,CMP-0046,CH-DV,MO-002,2026-09,69065.99,4763172,0.0
PLN-00415,CMP-0047,CH-AUD,MO-004,2026-07,39379.69,5546436,66.56
PLN-00416,CMP-0047,CH-AUD,MO-004,2026-08,40175.23,5658484,67.9
PLN-00417,CMP-0047,CH-AUD,MO-004,2026-09,32368.29,4558914,54.71
PLN-00418,CMP-0047,CH-DOOH,MO-003,2026-07,25552.53,2718355,32.62
PLN-00419,CMP-0047,CH-DOOH,MO-003,2026-08,25711.63,2735280,32.82
PLN-00420,CMP-0047,CH-DOOH,MO-003,2026-09,31643.25,3366303,40.4
PLN-00421,CMP-0047,CH-TV,MO-001,2026-07,38947.43,1770338,21.24
PLN-00422,CMP-0047,CH-TV,MO-001,2026-08,44577.84,2026265,24.32
PLN-00423,CMP-0047,CH-TV,MO-001,2026-09,46644.1,2120186,25.44
PLN-00424,CMP-0048,CH-DV,MO-006,2026-07,56278.86,3881300,0.0
PLN-00425,CMP-0048,CH-DV,MO-006,2026-08,69335.32,4781747,0.0
PLN-00426,CMP-0048,CH-DV,MO-006,2026-09,55760.07,3845522,0.0
PLN-00427,CMP-0048,CH-RMN,MO-005,2026-07,78792.21,6972762,0.0
PLN-00428,CMP-0048,CH-RMN,MO-005,2026-08,72201.27,6389493,0.0
PLN-00429,CMP-0048,CH-RMN,MO-005,2026-09,69990.61,6193859,0.0
PLN-00430,CMP-0048,CH-SOC,MO-006,2026-07,66285.05,10691138,0.0
PLN-00431,CMP-0048,CH-SOC,MO-006,2026-08,74058.17,11944867,0.0
PLN-00432,CMP-0048,CH-SOC,MO-006,2026-09,61298.42,9886842,0.0
PLN-00433,CMP-0049,CH-AUD,MO-004,2026-07,128391.58,18083321,217.0
PLN-00434,CMP-0049,CH-AUD,MO-004,2026-08,104229.17,14680165,176.16
PLN-00435,CMP-0049,CH-AUD,MO-004,2026-09,114099.73,16070384,192.84
PLN-00436,CMP-0049,CH-DOOH,MO-003,2026-07,142843.73,15196142,182.35
PLN-00437,CMP-0049,CH-DOOH,MO-003,2026-08,150693.96,16031272,192.38
PLN-00438,CMP-0049,CH-DOOH,MO-003,2026-09,141520.13,15055333,180.66
PLN-00439,CMP-0049,CH-DV,MO-006,2026-07,226418.29,15615054,0.0
PLN-00440,CMP-0049,CH-DV,MO-006,2026-08,170427.45,11753617,0.0
PLN-00441,CMP-0049,CH-DV,MO-006,2026-09,205375.95,14163859,0.0
PLN-00442,CMP-0050,CH-AUD,MO-004,2026-07,35070.65,4939528,59.27
PLN-00443,CMP-0050,CH-AUD,MO-004,2026-08,34154.36,4810474,57.73
PLN-00444,CMP-0050,CH-AUD,MO-004,2026-09,29913.09,4213112,50.56
PLN-00445,CMP-0050,CH-DV,MO-006,2026-07,50846.76,3506673,0.0
PLN-00446,CMP-0050,CH-DV,MO-006,2026-08,52622.04,3629106,0.0
PLN-00447,CMP-0050,CH-DV,MO-006,2026-09,53793.45,3709893,0.0
PLN-00448,CMP-0050,CH-SOC,MO-006,2026-07,40964.72,6607213,0.0
PLN-00449,CMP-0050,CH-SOC,MO-006,2026-08,40057.35,6460863,0.0
PLN-00450,CMP-0050,CH-SOC,MO-006,2026-09,35577.57,5738318,0.0
PLN-00451,CMP-0051,CH-AUD,MO-004,2026-07,46392.91,6534213,78.41
PLN-00452,CMP-0051,CH-AUD,MO-004,2026-08,51926.42,7313580,87.76
PLN-00453,CMP-0051,CH-AUD,MO-004,2026-09,58737.37,8272869,99.27
PLN-00454,CMP-0051,CH-DOOH,MO-003,2026-07,34777.29,3699712,44.4
PLN-00455,CMP-0051,CH-DOOH,MO-003,2026-08,40084.77,4264338,51.17
PLN-00456,CMP-0051,CH-DOOH,MO-003,2026-09,36519.64,3885069,46.62
PLN-00457,CMP-0051,CH-SEA,MO-002,2026-07,27497.02,7236058,0.0
PLN-00458,CMP-0051,CH-SEA,MO-002,2026-08,26175.55,6888302,0.0
PLN-00459,CMP-0051,CH-SEA,MO-002,2026-09,23889.02,6286585,0.0
PLN-00460,CMP-0052,CH-DOOH,MO-003,2026-07,42414.36,4512166,54.15
PLN-00461,CMP-0052,CH-DOOH,MO-003,2026-08,45395.91,4829352,57.95
PLN-00462,CMP-0052,CH-DOOH,MO-003,2026-09,51666.06,5496389,65.96
PLN-00463,CMP-0052,CH-RMN,MO-005,2026-07,34489.75,3052190,0.0
PLN-00464,CMP-0052,CH-RMN,MO-005,2026-08,30753.39,2721539,0.0
PLN-00465,CMP-0052,CH-RMN,MO-005,2026-09,26392.34,2335606,0.0
PLN-00466,CMP-0052,CH-TV,MO-001,2026-07,29165.94,1325724,15.91
PLN-00467,CMP-0052,CH-TV,MO-001,2026-08,24003.57,1091071,13.09
PLN-00468,CMP-0052,CH-TV,MO-001,2026-09,22718.69,1032668,12.39
PLN-00469,CMP-0053,CH-DOOH,MO-003,2026-07,18101.72,1925715,23.11
PLN-00470,CMP-0053,CH-DOOH,MO-003,2026-08,19650.39,2090467,25.09
PLN-00471,CMP-0053,CH-DOOH,MO-003,2026-09,21126.65,2247516,26.97
PLN-00472,CMP-0053,CH-DV,MO-006,2026-07,31059.45,2142031,0.0
PLN-00473,CMP-0053,CH-DV,MO-006,2026-08,33960.97,2342136,0.0
PLN-00474,CMP-0053,CH-DV,MO-006,2026-09,30395.23,2096223,0.0
PLN-00475,CMP-0053,CH-SEA,MO-002,2026-07,26163.77,6885204,0.0
PLN-00476,CMP-0053,CH-SEA,MO-002,2026-08,26837.04,7062378,0.0
PLN-00477,CMP-0053,CH-SEA,MO-002,2026-09,26704.77,7027571,0.0
PLN-00478,CMP-0054,CH-DOOH,MO-003,2026-07,129726.8,13800723,165.61
PLN-00479,CMP-0054,CH-DOOH,MO-003,2026-08,115493.37,12286528,147.44
PLN-00480,CMP-0054,CH-DOOH,MO-003,2026-09,112534.0,11971703,143.66
PLN-00481,CMP-0054,CH-DV,MO-006,2026-07,98189.78,6771709,0.0
PLN-00482,CMP-0054,CH-DV,MO-006,2026-08,84506.25,5828017,0.0
PLN-00483,CMP-0054,CH-DV,MO-006,2026-09,85592.35,5902921,0.0
PLN-00484,CMP-0054,CH-SOC,MO-006,2026-07,122121.78,19697061,0.0
PLN-00485,CMP-0054,CH-SOC,MO-006,2026-08,101970.16,16446800,0.0
PLN-00486,CMP-0054,CH-SOC,MO-006,2026-09,136865.52,22075085,0.0
PLN-00487,CMP-0055,CH-DOOH,MO-003,2026-07,67128.85,7141367,85.7
PLN-00488,CMP-0055,CH-DOOH,MO-003,2026-08,77380.21,8231937,98.78
PLN-00489,CMP-0055,CH-DOOH,MO-003,2026-09,72333.92,7695098,92.34
PLN-00490,CMP-0055,CH-RMN,MO-005,2026-07,79573.29,7041884,0.0
PLN-00491,CMP-0055,CH-RMN,MO-005,2026-08,88696.39,7849238,0.0
PLN-00492,CMP-0055,CH-RMN,MO-005,2026-09,68877.6,6095363,0.0
PLN-00493,CMP-0055,CH-SOC,MO-006,2026-07,95114.29,15341015,0.0
PLN-00494,CMP-0055,CH-SOC,MO-006,2026-08,86664.39,13978127,0.0
PLN-00495,CMP-0055,CH-SOC,MO-006,2026-09,76231.05,12295330,0.0
PLN-00496,CMP-0056,CH-AUD,MO-004,2026-07,81162.22,11431298,137.18
PLN-00497,CMP-0056,CH-AUD,MO-004,2026-08,66701.81,9394622,112.74
PLN-00498,CMP-0056,CH-AUD,MO-004,2026-09,81159.46,11430910,137.17
PLN-00499,CMP-0056,CH-SEA,MO-002,2026-07,87869.99,23123683,0.0
PLN-00500,CMP-0056,CH-SEA,MO-002,2026-08,97346.77,25617572,0.0
PLN-00501,CMP-0056,CH-SEA,MO-002,2026-09,100465.63,26438324,0.0
PLN-00502,CMP-0056,CH-SOC,MO-006,2026-07,58188.73,9385280,0.0
PLN-00503,CMP-0056,CH-SOC,MO-006,2026-08,54414.99,8776611,0.0
PLN-00504,CMP-0056,CH-SOC,MO-006,2026-09,45690.39,7369418,0.0
PLN-00505,CMP-0057,CH-AUD,MO-004,2026-07,176602.9,24873649,298.48
PLN-00506,CMP-0057,CH-AUD,MO-004,2026-08,179854.5,25331620,303.98
PLN-00507,CMP-0057,CH-AUD,MO-004,2026-09,171976.56,24222051,290.66
PLN-00508,CMP-0057,CH-DOOH,MO-003,2026-07,147714.4,15714298,188.57
PLN-00509,CMP-0057,CH-DOOH,MO-003,2026-08,134788.99,14339254,172.07
PLN-00510,CMP-0057,CH-DOOH,MO-003,2026-09,124814.16,13278103,159.34
PLN-00511,CMP-0057,CH-SOC,MO-006,2026-07,182668.15,29462605,0.0
PLN-00512,CMP-0057,CH-SOC,MO-006,2026-08,163436.38,26360707,0.0
PLN-00513,CMP-0057,CH-SOC,MO-006,2026-09,164143.93,26474827,0.0
PLN-00514,CMP-0058,CH-DV,MO-002,2026-07,40163.05,2769866,0.0
PLN-00515,CMP-0058,CH-DV,MO-002,2026-08,37115.91,2559718,0.0
PLN-00516,CMP-0058,CH-DV,MO-002,2026-09,36533.67,2519564,0.0
PLN-00517,CMP-0058,CH-SEA,MO-002,2026-07,29385.48,7733022,0.0
PLN-00518,CMP-0058,CH-SEA,MO-002,2026-08,22470.84,5913379,0.0
PLN-00519,CMP-0058,CH-SEA,MO-002,2026-09,24774.86,6519701,0.0
PLN-00520,CMP-0058,CH-TV,MO-001,2026-07,37438.32,1701742,20.42
PLN-00521,CMP-0058,CH-TV,MO-001,2026-08,43225.76,1964807,23.58
PLN-00522,CMP-0058,CH-TV,MO-001,2026-09,38892.09,1767822,21.21
PLN-00523,CMP-0059,CH-DV,MO-002,2026-07,91108.59,6283351,0.0
PLN-00524,CMP-0059,CH-DV,MO-002,2026-08,72079.95,4971031,0.0
PLN-00525,CMP-0059,CH-DV,MO-002,2026-09,66496.45,4585962,0.0
PLN-00526,CMP-0059,CH-RMN,MO-005,2026-07,104722.49,9267477,0.0
PLN-00527,CMP-0059,CH-RMN,MO-005,2026-08,100051.2,8854088,0.0
PLN-00528,CMP-0059,CH-RMN,MO-005,2026-09,109526.69,9692627,0.0
PLN-00529,CMP-0059,CH-SEA,MO-002,2026-07,81894.26,21551121,0.0
PLN-00530,CMP-0059,CH-SEA,MO-002,2026-08,64521.96,16979462,0.0
PLN-00531,CMP-0059,CH-SEA,MO-002,2026-09,73598.41,19368004,0.0
PLN-00532,CMP-0060,CH-RMN,MO-005,2026-07,38977.81,3449364,0.0
PLN-00533,CMP-0060,CH-RMN,MO-005,2026-08,37535.93,3321763,0.0
PLN-00534,CMP-0060,CH-RMN,MO-005,2026-09,38700.11,3424789,0.0
PLN-00535,CMP-0060,CH-SEA,MO-002,2026-07,30865.95,8122618,0.0
PLN-00536,CMP-0060,CH-SEA,MO-002,2026-08,30682.95,8074460,0.0
PLN-00537,CMP-0060,CH-SEA,MO-002,2026-09,39030.97,10271308,0.0
PLN-00538,CMP-0060,CH-TV,MO-001,2026-07,47838.3,2174468,26.09
PLN-00539,CMP-0060,CH-TV,MO-001,2026-08,37898.78,1722672,20.67
PLN-00540,CMP-0060,CH-TV,MO-001,2026-09,48469.2,2203145,26.44
PLN-00541,CMP-0061,CH-AUD,MO-004,2026-07,114336.57,16103743,193.24
PLN-00542,CMP-0061,CH-AUD,MO-004,2026-08,124640.46,17554995,210.66
PLN-00543,CMP-0061,CH-AUD,MO-004,2026-09,101457.86,14289839,171.48
PLN-00544,CMP-0061,CH-DV,MO-006,2026-07,88483.5,6102310,0.0
PLN-00545,CMP-0061,CH-DV,MO-006,2026-08,80242.94,5533996,0.0
PLN-00546,CMP-0061,CH-DV,MO-006,2026-09,114701.03,7910416,0.0
PLN-00547,CMP-0061,CH-SOC,MO-006,2026-07,123979.8,19996743,0.0
PLN-00548,CMP-0061,CH-SOC,MO-006,2026-08,98903.97,15952253,0.0
PLN-00549,CMP-0061,CH-SOC,MO-006,2026-09,101253.88,16331270,0.0
PLN-00550,CMP-0062,CH-DV,MO-002,2026-07,165312.16,11400838,0.0
PLN-00551,CMP-0062,CH-DV,MO-002,2026-08,174972.83,12067092,0.0
PLN-00552,CMP-0062,CH-DV,MO-002,2026-09,174551.54,12038037,0.0
PLN-00553,CMP-0062,CH-RMN,MO-005,2026-07,131078.76,11599890,0.0
PLN-00554,CMP-0062,CH-RMN,MO-005,2026-08,119737.71,10596258,0.0
PLN-00555,CMP-0062,CH-RMN,MO-005,2026-09,143615.57,12709342,0.0
PLN-00556,CMP-0062,CH-SOC,MO-006,2026-07,120067.21,19365680,0.0
PLN-00557,CMP-0062,CH-SOC,MO-006,2026-08,106831.97,17230964,0.0
PLN-00558,CMP-0062,CH-SOC,MO-006,2026-09,103832.24,16747136,0.0
PLN-00559,CMP-0063,CH-DV,MO-002,2026-07,80452.48,5548447,0.0
PLN-00560,CMP-0063,CH-DV,MO-002,2026-08,90217.09,6221868,0.0
PLN-00561,CMP-0063,CH-DV,MO-002,2026-09,87084.43,6005823,0.0
PLN-00562,CMP-0063,CH-SEA,MO-002,2026-07,89838.81,23641793,0.0
PLN-00563,CMP-0063,CH-SEA,MO-002,2026-08,112044.5,29485394,0.0
PLN-00564,CMP-0063,CH-SEA,MO-002,2026-09,92168.53,24254876,0.0
PLN-00565,CMP-0063,CH-TV,MO-001,2026-07,84484.96,3840226,46.08
PLN-00566,CMP-0063,CH-TV,MO-001,2026-08,71531.76,3251444,39.02
PLN-00567,CMP-0063,CH-TV,MO-001,2026-09,86177.42,3917156,47.01
PLN-00568,CMP-0064,CH-AUD,MO-004,2026-07,117036.63,16484032,197.81
PLN-00569,CMP-0064,CH-AUD,MO-004,2026-08,106314.6,14973887,179.69
PLN-00570,CMP-0064,CH-AUD,MO-004,2026-09,129552.02,18246764,218.96
PLN-00571,CMP-0064,CH-DV,MO-002,2026-07,94144.64,6492734,0.0
PLN-00572,CMP-0064,CH-DV,MO-002,2026-08,88194.76,6082397,0.0
PLN-00573,CMP-0064,CH-DV,MO-002,2026-09,90122.28,6215330,0.0
PLN-00574,CMP-0064,CH-TV,MO-001,2026-07,192301.25,8740966,104.89
PLN-00575,CMP-0064,CH-TV,MO-001,2026-08,189388.95,8608588,103.3
PLN-00576,CMP-0064,CH-TV,MO-001,2026-09,152944.87,6952040,83.42
PLN-00577,CMP-0065,CH-DV,MO-002,2026-07,35554.17,2452012,0.0
PLN-00578,CMP-0065,CH-DV,MO-002,2026-08,24866.04,1714899,0.0
PLN-00579,CMP-0065,CH-DV,MO-002,2026-09,26689.71,1840670,0.0
PLN-00580,CMP-0065,CH-SOC,MO-006,2026-07,36139.5,5828951,0.0
PLN-00581,CMP-0065,CH-SOC,MO-006,2026-08,45615.67,7357366,0.0
PLN-00582,CMP-0065,CH-SOC,MO-006,2026-09,34053.81,5492550,0.0
PLN-00583,CMP-0065,CH-TV,MO-001,2026-07,41950.98,1906863,22.88
PLN-00584,CMP-0065,CH-TV,MO-001,2026-08,45276.96,2058043,24.7
PLN-00585,CMP-0065,CH-TV,MO-001,2026-09,35853.17,1629689,19.56
PLN-00586,CMP-0066,CH-DV,MO-006,2026-07,69376.94,4784617,0.0
PLN-00587,CMP-0066,CH-DV,MO-006,2026-08,88427.31,6098435,0.0
PLN-00588,CMP-0066,CH-DV,MO-006,2026-09,81712.3,5635331,0.0
PLN-00589,CMP-0066,CH-RMN,MO-005,2026-07,139551.51,12349692,0.0
PLN-00590,CMP-0066,CH-RMN,MO-005,2026-08,111212.69,9841831,0.0
PLN-00591,CMP-0066,CH-RMN,MO-005,2026-09,126172.29,11165689,0.0
PLN-00592,CMP-0066,CH-TV,MO-001,2026-07,83829.58,3810436,45.73
PLN-00593,CMP-0066,CH-TV,MO-001,2026-08,124346.13,5652097,67.83
PLN-00594,CMP-0066,CH-TV,MO-001,2026-09,95371.23,4335056,52.02
PLN-00595,CMP-0067,CH-DV,MO-006,2026-07,141323.91,9746477,0.0
PLN-00596,CMP-0067,CH-DV,MO-006,2026-08,144194.63,9944457,0.0
PLN-00597,CMP-0067,CH-DV,MO-006,2026-09,108745.88,7499716,0.0
PLN-00598,CMP-0067,CH-SOC,MO-006,2026-07,74974.2,12092613,0.0
PLN-00599,CMP-0067,CH-SOC,MO-006,2026-08,60239.28,9716012,0.0
PLN-00600,CMP-0067,CH-SOC,MO-006,2026-09,59877.07,9657592,0.0
PLN-00601,CMP-0067,CH-TV,MO-001,2026-07,104748.17,4761280,57.14
PLN-00602,CMP-0067,CH-TV,MO-001,2026-08,99984.3,4544741,54.54
PLN-00603,CMP-0067,CH-TV,MO-001,2026-09,120912.57,5496026,65.95
PLN-00604,CMP-0068,CH-DV,MO-002,2026-07,87985.4,6067958,0.0
PLN-00605,CMP-0068,CH-DV,MO-002,2026-08,90632.15,6250493,0.0
PLN-00606,CMP-0068,CH-DV,MO-002,2026-09,74723.03,5153313,0.0
PLN-00607,CMP-0068,CH-SOC,MO-006,2026-07,61929.09,9988563,0.0
PLN-00608,CMP-0068,CH-SOC,MO-006,2026-08,81302.33,13113280,0.0
PLN-00609,CMP-0068,CH-SOC,MO-006,2026-09,72492.4,11692322,0.0
PLN-00610,CMP-0068,CH-TV,MO-001,2026-07,61275.31,2785241,33.42
PLN-00611,CMP-0068,CH-TV,MO-001,2026-08,64054.75,2911579,34.94
PLN-00612,CMP-0068,CH-TV,MO-001,2026-09,52605.54,2391161,28.69
PLN-00613,CMP-0069,CH-DOOH,MO-003,2026-07,38889.49,4137180,49.65
PLN-00614,CMP-0069,CH-DOOH,MO-003,2026-08,46130.07,4907454,58.89
PLN-00615,CMP-0069,CH-DOOH,MO-003,2026-09,51006.4,5426213,65.11
PLN-00616,CMP-0069,CH-RMN,MO-005,2026-07,33603.2,2973735,0.0
PLN-00617,CMP-0069,CH-RMN,MO-005,2026-08,32343.82,2862285,0.0
PLN-00618,CMP-0069,CH-RMN,MO-005,2026-09,39209.57,3469873,0.0
PLN-00619,CMP-0069,CH-TV,MO-001,2026-07,44837.41,2038064,24.46
PLN-00620,CMP-0069,CH-TV,MO-001,2026-08,43657.33,1984424,23.81
PLN-00621,CMP-0069,CH-TV,MO-001,2026-09,42322.71,1923760,23.09
PLN-00622,CMP-0070,CH-AUD,MO-004,2026-07,65242.49,9189082,110.27
PLN-00623,CMP-0070,CH-AUD,MO-004,2026-08,64156.18,9036082,108.43
PLN-00624,CMP-0070,CH-AUD,MO-004,2026-09,61261.09,8628322,103.54
PLN-00625,CMP-0070,CH-SEA,MO-002,2026-07,62166.66,16359648,0.0
PLN-00626,CMP-0070,CH-SEA,MO-002,2026-08,74582.99,19627102,0.0
PLN-00627,CMP-0070,CH-SEA,MO-002,2026-09,82203.51,21632503,0.0
PLN-00628,CMP-0070,CH-SOC,MO-006,2026-07,69404.23,11194230,0.0
PLN-00629,CMP-0070,CH-SOC,MO-006,2026-08,85153.95,13734508,0.0
PLN-00630,CMP-0070,CH-SOC,MO-006,2026-09,60828.91,9811115,0.0
PLN-00631,CMP-0071,CH-DOOH,MO-003,2026-07,32559.67,3463795,41.57
PLN-00632,CMP-0071,CH-DOOH,MO-003,2026-08,41475.76,4412315,52.95
PLN-00633,CMP-0071,CH-DOOH,MO-003,2026-09,39658.85,4219027,50.63
PLN-00634,CMP-0071,CH-DV,MO-002,2026-07,25331.33,1746988,0.0
PLN-00635,CMP-0071,CH-DV,MO-002,2026-08,21618.99,1490965,0.0
PLN-00636,CMP-0071,CH-DV,MO-002,2026-09,19412.14,1338768,0.0
PLN-00637,CMP-0071,CH-TV,MO-001,2026-07,33531.03,1524138,18.29
PLN-00638,CMP-0071,CH-TV,MO-001,2026-08,27363.83,1243811,14.93
PLN-00639,CMP-0071,CH-TV,MO-001,2026-09,26048.39,1184018,14.21
PLN-00640,CMP-0072,CH-AUD,MO-004,2026-07,93375.59,13151491,157.82
PLN-00641,CMP-0072,CH-AUD,MO-004,2026-08,84687.82,11927862,143.13
PLN-00642,CMP-0072,CH-AUD,MO-004,2026-09,91589.95,12899993,154.8
PLN-00643,CMP-0072,CH-RMN,MO-005,2026-07,219253.02,19402922,0.0
PLN-00644,CMP-0072,CH-RMN,MO-005,2026-08,172440.16,15260191,0.0
PLN-00645,CMP-0072,CH-RMN,MO-005,2026-09,186931.25,16542589,0.0
PLN-00646,CMP-0072,CH-SOC,MO-006,2026-07,153313.53,24727988,0.0
PLN-00647,CMP-0072,CH-SOC,MO-006,2026-08,146975.09,23705660,0.0
PLN-00648,CMP-0072,CH-SOC,MO-006,2026-09,173433.59,27973160,0.0
PLN-00649,CMP-0073,CH-AUD,MO-004,2026-07,97165.54,13685287,164.22
PLN-00650,CMP-0073,CH-AUD,MO-004,2026-08,90313.06,12720149,152.64
PLN-00651,CMP-0073,CH-AUD,MO-004,2026-09,122021.33,17186103,206.23
PLN-00652,CMP-0073,CH-SOC,MO-006,2026-07,147280.85,23754975,0.0
PLN-00653,CMP-0073,CH-SOC,MO-006,2026-08,125293.73,20208666,0.0
PLN-00654,CMP-0073,CH-SOC,MO-006,2026-09,161020.77,25971093,0.0
PLN-00655,CMP-0073,CH-TV,MO-001,2026-07,138062.36,6275562,75.31
PLN-00656,CMP-0073,CH-TV,MO-001,2026-08,97783.84,4444720,53.34
PLN-00657,CMP-0073,CH-TV,MO-001,2026-09,115058.52,5229933,62.76
PLN-00658,CMP-0074,CH-DV,MO-002,2026-07,88807.63,6124664,0.0
PLN-00659,CMP-0074,CH-DV,MO-002,2026-08,97095.48,6696240,0.0
PLN-00660,CMP-0074,CH-DV,MO-002,2026-09,77521.6,5346317,0.0
PLN-00661,CMP-0074,CH-SEA,MO-002,2026-07,83324.12,21927399,0.0
PLN-00662,CMP-0074,CH-SEA,MO-002,2026-08,90496.78,23814943,0.0
PLN-00663,CMP-0074,CH-SEA,MO-002,2026-09,63957.92,16831032,0.0
PLN-00664,CMP-0074,CH-SOC,MO-006,2026-07,110944.69,17894304,0.0
PLN-00665,CMP-0074,CH-SOC,MO-006,2026-08,107680.08,17367755,0.0
PLN-00666,CMP-0074,CH-SOC,MO-006,2026-09,93171.7,15027694,0.0
PLN-00667,CMP-0075,CH-AUD,MO-004,2026-07,109401.02,15408594,184.9
PLN-00668,CMP-0075,CH-AUD,MO-004,2026-08,102377.17,14419320,173.03
PLN-00669,CMP-0075,CH-AUD,MO-004,2026-09,100097.12,14098185,169.18
PLN-00670,CMP-0075,CH-RMN,MO-005,2026-07,65159.31,5766310,0.0
PLN-00671,CMP-0075,CH-RMN,MO-005,2026-08,65000.5,5752257,0.0
PLN-00672,CMP-0075,CH-RMN,MO-005,2026-09,94788.51,8388364,0.0
PLN-00673,CMP-0075,CH-SOC,MO-006,2026-07,129733.55,20924766,0.0
PLN-00674,CMP-0075,CH-SOC,MO-006,2026-08,145477.47,23464108,0.0
PLN-00675,CMP-0075,CH-SOC,MO-006,2026-09,140965.35,22736347,0.0
PLN-00676,CMP-0076,CH-DOOH,MO-003,2026-07,102919.24,10948856,131.39
PLN-00677,CMP-0076,CH-DOOH,MO-003,2026-08,124214.45,13214303,158.57
PLN-00678,CMP-0076,CH-DOOH,MO-003,2026-09,85564.31,9102586,109.23
PLN-00679,CMP-0076,CH-DV,MO-002,2026-07,242084.02,16695450,0.0
PLN-00680,CMP-0076,CH-DV,MO-002,2026-08,202102.44,13938099,0.0
PLN-00681,CMP-0076,CH-DV,MO-002,2026-09,210498.62,14517146,0.0
PLN-00682,CMP-0076,CH-SOC,MO-006,2026-07,126139.58,20345093,0.0
PLN-00683,CMP-0076,CH-SOC,MO-006,2026-08,139423.59,22487675,0.0
PLN-00684,CMP-0076,CH-SOC,MO-006,2026-09,131053.76,21137703,0.0
PLN-00685,CMP-0077,CH-RMN,MO-005,2026-07,85196.77,7539537,0.0
PLN-00686,CMP-0077,CH-RMN,MO-005,2026-08,66562.53,5890490,0.0
PLN-00687,CMP-0077,CH-RMN,MO-005,2026-09,81498.63,7212268,0.0
PLN-00688,CMP-0077,CH-SOC,MO-006,2026-07,104667.24,16881813,0.0
PLN-00689,CMP-0077,CH-SOC,MO-006,2026-08,107588.67,17353011,0.0
PLN-00690,CMP-0077,CH-SOC,MO-006,2026-09,106264.14,17139377,0.0
PLN-00691,CMP-0077,CH-TV,MO-001,2026-07,89785.98,4081181,48.97
PLN-00692,CMP-0077,CH-TV,MO-001,2026-08,100402.74,4563761,54.77
PLN-00693,CMP-0077,CH-TV,MO-001,2026-09,125033.3,5683332,68.2
PLN-00694,CMP-0078,CH-DOOH,MO-003,2026-07,135949.58,14462722,173.55
PLN-00695,CMP-0078,CH-DOOH,MO-003,2026-08,112098.81,11925405,143.1
PLN-00696,CMP-0078,CH-DOOH,MO-003,2026-09,130504.76,13883485,166.6
PLN-00697,CMP-0078,CH-SEA,MO-002,2026-07,168163.59,44253576,0.0
PLN-00698,CMP-0078,CH-SEA,MO-002,2026-08,159832.84,42061273,0.0
PLN-00699,CMP-0078,CH-SEA,MO-002,2026-09,181947.81,47881004,0.0
PLN-00700,CMP-0078,CH-SOC,MO-006,2026-07,113441.32,18296987,0.0
PLN-00701,CMP-0078,CH-SOC,MO-006,2026-08,106673.49,17205401,0.0
PLN-00702,CMP-0078,CH-SOC,MO-006,2026-09,106387.81,17159325,0.0
PLN-00703,CMP-0079,CH-AUD,MO-004,2026-07,48597.34,6844696,82.14
PLN-00704,CMP-0079,CH-AUD,MO-004,2026-08,45872.67,6460940,77.53
PLN-00705,CMP-0079,CH-AUD,MO-004,2026-09,38389.19,5406928,64.88
PLN-00706,CMP-0079,CH-SEA,MO-002,2026-07,28610.35,7529040,0.0
PLN-00707,CMP-0079,CH-SEA,MO-002,2026-08,27717.48,7294073,0.0
PLN-00708,CMP-0079,CH-SEA,MO-002,2026-09,36289.89,9549971,0.0
PLN-00709,CMP-0079,CH-TV,MO-001,2026-07,35632.64,1619665,19.44
PLN-00710,CMP-0079,CH-TV,MO-001,2026-08,38085.37,1731153,20.77
PLN-00711,CMP-0079,CH-TV,MO-001,2026-09,34805.07,1582048,18.98
PLN-00712,CMP-0080,CH-RMN,MO-005,2026-07,187230.31,16569054,0.0
PLN-00713,CMP-0080,CH-RMN,MO-005,2026-08,233787.3,20689142,0.0
PLN-00714,CMP-0080,CH-RMN,MO-005,2026-09,166261.04,14713367,0.0
PLN-00715,CMP-0080,CH-SOC,MO-006,2026-07,172018.17,27744866,0.0
PLN-00716,CMP-0080,CH-SOC,MO-006,2026-08,165493.07,26692431,0.0
PLN-00717,CMP-0080,CH-SOC,MO-006,2026-09,136465.19,22010515,0.0
PLN-00718,CMP-0080,CH-TV,MO-001,2026-07,141998.61,6454482,77.45
PLN-00719,CMP-0080,CH-TV,MO-001,2026-08,107026.8,4864855,58.38
PLN-00720,CMP-0080,CH-TV,MO-001,2026-09,131719.49,5987249,71.85
