invoice_id,campaign_id,media_owner_id,month,gross_amount_eur,net_amount_eur,rebate_amount_eur,net_net_amount_eur,invoice_status,invoice_date
INV-00001,CMP-0001,MO-001,2026-04,145181.32,119048.68,4761.95,114286.73,Paid,2026-05-15
INV-00002,CMP-0001,MO-001,2026-05,149009.6,122187.87,4887.51,117300.36,Paid,2026-06-15
INV-00003,CMP-0001,MO-001,2026-06,147777.12,121177.24,4847.09,116330.15,Paid,2026-07-15
INV-00004,CMP-0001,MO-004,2026-04,192728.29,161891.76,5666.21,156225.55,Paid,2026-05-15
INV-00005,CMP-0001,MO-004,2026-05,200674.4,168566.5,5899.83,162666.67,Paid,2026-06-15
INV-00006,CMP-0001,MO-004,2026-06,190514.62,160032.28,5601.13,154431.15,Paid,2026-07-15
INV-00007,CMP-0001,MO-005,2026-04,149864.74,134878.27,2697.57,132180.7,Paid,2026-05-15
INV-00008,CMP-0001,MO-005,2026-05,156064.0,140457.6,2809.15,137648.45,Paid,2026-06-15
INV-00009,CMP-0001,MO-005,2026-06,155749.29,140174.36,2803.49,137370.87,Paid,2026-07-15
INV-00010,CMP-0002,MO-001,2026-04,25261.13,20714.13,828.57,19885.56,Issued,2026-05-15
INV-00011,CMP-0002,MO-001,2026-05,26116.17,21415.26,856.61,20558.65,Paid,2026-06-15
INV-00012,CMP-0002,MO-001,2026-06,26124.48,21422.07,856.88,20565.19,Paid,2026-07-15
INV-00013,CMP-0002,MO-002,2026-04,29218.74,25712.49,642.81,25069.68,Paid,2026-05-15
INV-00014,CMP-0002,MO-002,2026-05,29200.81,25696.71,642.42,25054.29,Paid,2026-06-15
INV-00015,CMP-0002,MO-002,2026-06,29520.9,25978.39,649.46,25328.93,Paid,2026-07-15
INV-00016,CMP-0002,MO-005,2026-04,30554.91,27499.42,549.99,26949.43,Paid,2026-05-15
INV-00017,CMP-0002,MO-005,2026-05,30666.12,27599.51,551.99,27047.52,Paid,2026-06-15
INV-00018,CMP-0002,MO-005,2026-06,30874.76,27787.28,555.75,27231.53,Paid,2026-07-15
INV-00019,CMP-0003,MO-002,2026-04,385545.43,339279.98,8482.0,330797.98,Paid,2026-05-15
INV-00020,CMP-0003,MO-002,2026-05,407782.36,358848.48,8971.21,349877.27,Paid,2026-06-15
INV-00021,CMP-0003,MO-002,2026-06,400558.27,352491.28,8812.28,343679.0,Paid,2026-07-15
INV-00022,CMP-0003,MO-006,2026-04,127036.32,111791.96,3130.17,108661.79,Paid,2026-05-15
INV-00023,CMP-0003,MO-006,2026-05,127839.43,112498.7,3149.96,109348.74,Paid,2026-06-15
INV-00024,CMP-0003,MO-006,2026-06,124633.3,109677.3,3070.96,106606.34,Issued,2026-07-15
INV-00025,CMP-0004,MO-001,2026-04,103904.34,85201.56,3408.06,81793.5,Paid,2026-05-15
INV-00026,CMP-0004,MO-001,2026-05,110248.1,90403.44,3616.14,86787.3,Paid,2026-06-15
INV-00027,CMP-0004,MO-001,2026-06,109461.82,89758.69,3590.35,86168.34,Paid,2026-07-15
INV-00028,CMP-0004,MO-002,2026-04,46711.35,41105.99,1027.65,40078.34,Issued,2026-05-15
INV-00029,CMP-0004,MO-002,2026-05,48473.93,42657.06,1066.43,41590.63,Paid,2026-06-15
INV-00030,CMP-0004,MO-002,2026-06,47950.53,42196.47,1054.91,41141.56,Issued,2026-07-15
INV-00031,CMP-0004,MO-003,2026-04,106868.86,90838.53,2725.16,88113.37,Paid,2026-05-15
INV-00032,CMP-0004,MO-003,2026-05,105354.31,89551.16,2686.53,86864.63,Issued,2026-06-15
INV-00033,CMP-0004,MO-003,2026-06,106495.28,90520.99,2715.63,87805.36,Paid,2026-07-15
INV-00034,CMP-0005,MO-001,2026-04,52112.33,42732.11,1709.28,41022.83,Paid,2026-05-15
INV-00035,CMP-0005,MO-001,2026-05,53782.33,44101.51,1764.06,42337.45,Paid,2026-06-15
INV-00036,CMP-0005,MO-001,2026-06,51562.52,42281.27,1691.25,40590.02,Paid,2026-07-15
INV-00037,CMP-0005,MO-006,2026-04,135901.19,119593.05,3348.61,116244.44,Issued,2026-05-15
INV-00038,CMP-0005,MO-006,2026-05,140944.99,124031.59,3472.88,120558.71,Issued,2026-06-15
INV-00039,CMP-0005,MO-006,2026-06,142265.05,125193.24,3505.41,121687.83,Paid,2026-07-15
INV-00040,CMP-0006,MO-001,2026-04,139036.48,114009.91,4560.4,109449.51,Paid,2026-05-15
INV-00041,CMP-0006,MO-001,2026-05,143354.1,117550.36,4702.01,112848.35,Issued,2026-06-15
INV-00042,CMP-0006,MO-001,2026-06,141572.74,116089.65,4643.59,111446.06,Paid,2026-07-15
INV-00043,CMP-0006,MO-002,2026-04,147526.38,129823.21,3245.58,126577.63,Issued,2026-05-15
INV-00044,CMP-0006,MO-002,2026-05,153687.6,135245.09,3381.13,131863.96,Paid,2026-06-15
INV-00045,CMP-0006,MO-002,2026-06,150645.18,132567.76,3314.19,129253.57,Paid,2026-07-15
INV-00046,CMP-0006,MO-003,2026-04,207554.06,176420.95,5292.63,171128.32,Paid,2026-05-15
INV-00047,CMP-0006,MO-003,2026-05,213072.12,181111.3,5433.34,175677.96,Paid,2026-06-15
INV-00048,CMP-0006,MO-003,2026-06,206266.87,175326.84,5259.81,170067.03,Issued,2026-07-15
INV-00049,CMP-0007,MO-001,2026-04,27181.52,22288.85,891.55,21397.3,Issued,2026-05-15
INV-00050,CMP-0007,MO-001,2026-05,28464.99,23341.29,933.65,22407.64,Paid,2026-06-15
INV-00051,CMP-0007,MO-001,2026-06,26827.06,21998.19,879.93,21118.26,Paid,2026-07-15
INV-00052,CMP-0007,MO-004,2026-04,23411.15,19665.37,688.29,18977.08,Paid,2026-05-15
INV-00053,CMP-0007,MO-004,2026-05,23327.04,19594.71,685.81,18908.9,Paid,2026-06-15
INV-00054,CMP-0007,MO-004,2026-06,22697.2,19065.65,667.3,18398.35,Paid,2026-07-15
INV-00055,CMP-0007,MO-006,2026-04,29329.92,25810.33,722.69,25087.64,Paid,2026-05-15
INV-00056,CMP-0007,MO-006,2026-05,29309.9,25792.71,722.2,25070.51,Paid,2026-06-15
INV-00057,CMP-0007,MO-006,2026-06,28812.65,25355.13,709.94,24645.19,Paid,2026-07-15
INV-00058,CMP-0008,MO-001,2026-04,111826.18,91697.47,3667.9,88029.57,Paid,2026-05-15
INV-00059,CMP-0008,MO-001,2026-05,118643.54,97287.7,3891.51,93396.19,Paid,2026-06-15
INV-00060,CMP-0008,MO-001,2026-06,112273.0,92063.86,3682.55,88381.31,Paid,2026-07-15
INV-00061,CMP-0008,MO-003,2026-04,129384.98,109977.23,3299.32,106677.91,Paid,2026-05-15
INV-00062,CMP-0008,MO-003,2026-05,130285.48,110742.66,3322.28,107420.38,Paid,2026-06-15
INV-00063,CMP-0008,MO-003,2026-06,128997.98,109648.28,3289.45,106358.83,Paid,2026-07-15
INV-00064,CMP-0008,MO-005,2026-04,97092.27,87383.04,1747.66,85635.38,Paid,2026-05-15
INV-00065,CMP-0008,MO-005,2026-05,99215.52,89293.97,1785.88,87508.09,Paid,2026-06-15
INV-00066,CMP-0008,MO-005,2026-06,97709.44,87938.5,1758.77,86179.73,Paid,2026-07-15
INV-00067,CMP-0009,MO-001,2026-04,60743.85,49809.96,1992.4,47817.56,Paid,2026-05-15
INV-00068,CMP-0009,MO-001,2026-05,61763.83,50646.34,2025.85,48620.49,Issued,2026-06-15
INV-00069,CMP-0009,MO-001,2026-06,59093.27,48456.48,1938.26,46518.22,Paid,2026-07-15
INV-00070,CMP-0009,MO-002,2026-04,54622.78,48068.05,1201.7,46866.35,Paid,2026-05-15
INV-00071,CMP-0009,MO-002,2026-05,56392.93,49625.78,1240.64,48385.14,Paid,2026-06-15
INV-00072,CMP-0009,MO-002,2026-06,54261.07,47749.74,1193.74,46556.0,Paid,2026-07-15
INV-00073,CMP-0009,MO-005,2026-04,57830.59,52047.53,1040.95,51006.58,Paid,2026-05-15
INV-00074,CMP-0009,MO-005,2026-05,60350.29,54315.26,1086.31,53228.95,Issued,2026-06-15
INV-00075,CMP-0009,MO-005,2026-06,59746.8,53772.12,1075.44,52696.68,Paid,2026-07-15
INV-00076,CMP-0010,MO-002,2026-04,157354.84,138472.26,3461.81,135010.45,Paid,2026-05-15
INV-00077,CMP-0010,MO-002,2026-05,166621.19,146626.65,3665.67,142960.98,Paid,2026-06-15
INV-00078,CMP-0010,MO-002,2026-06,157328.12,138448.75,3461.22,134987.53,Paid,2026-07-15
INV-00079,CMP-0010,MO-003,2026-04,86135.08,73214.82,2196.44,71018.38,Paid,2026-05-15
INV-00080,CMP-0010,MO-003,2026-05,88979.32,75632.42,2268.97,73363.45,Paid,2026-06-15
INV-00081,CMP-0010,MO-003,2026-06,87936.67,74746.17,2242.39,72503.78,Paid,2026-07-15
INV-00082,CMP-0011,MO-001,2026-04,76393.02,62642.28,2505.69,60136.59,Paid,2026-05-15
INV-00083,CMP-0011,MO-001,2026-05,77385.27,63455.92,2538.24,60917.68,Paid,2026-06-15
INV-00084,CMP-0011,MO-001,2026-06,77520.62,63566.91,2542.68,61024.23,Paid,2026-07-15
INV-00085,CMP-0011,MO-005,2026-04,47233.88,42510.49,850.21,41660.28,Paid,2026-05-15
INV-00086,CMP-0011,MO-005,2026-05,47023.81,42321.43,846.43,41475.0,Paid,2026-06-15
INV-00087,CMP-0011,MO-005,2026-06,46296.84,41667.16,833.34,40833.82,Paid,2026-07-15
INV-00088,CMP-0011,MO-006,2026-04,68955.75,60681.06,1699.07,58981.99,Paid,2026-05-15
INV-00089,CMP-0011,MO-006,2026-05,71532.26,62948.39,1762.55,61185.84,Paid,2026-06-15
INV-00090,CMP-0011,MO-006,2026-06,68987.49,60708.99,1699.85,59009.14,Paid,2026-07-15
INV-00091,CMP-0012,MO-004,2026-04,119324.17,100232.3,3508.13,96724.17,Paid,2026-05-15
INV-00092,CMP-0012,MO-004,2026-05,125524.08,105440.23,3690.41,101749.82,Paid,2026-06-15
INV-00093,CMP-0012,MO-004,2026-06,119654.25,100509.57,3517.83,96991.74,Paid,2026-07-15
INV-00094,CMP-0012,MO-005,2026-04,94315.68,84884.11,1697.68,83186.43,Issued,2026-05-15
INV-00095,CMP-0012,MO-005,2026-05,95167.44,85650.7,1713.01,83937.69,Paid,2026-06-15
INV-00096,CMP-0012,MO-005,2026-06,97441.21,87697.09,1753.94,85943.15,Paid,2026-07-15
INV-00097,CMP-0012,MO-006,2026-04,66898.95,58871.08,1648.39,57222.69,Issued,2026-05-15
INV-00098,CMP-0012,MO-006,2026-05,67084.7,59034.54,1652.97,57381.57,Paid,2026-06-15
INV-00099,CMP-0012,MO-006,2026-06,68072.1,59903.45,1677.3,58226.15,Paid,2026-07-15
INV-00100,CMP-0013,MO-004,2026-04,176861.02,148563.26,5199.71,143363.55,Paid,2026-05-15
INV-00101,CMP-0013,MO-004,2026-05,188814.4,158604.1,5551.14,153052.96,Paid,2026-06-15
INV-00102,CMP-0013,MO-004,2026-06,179853.95,151077.32,5287.71,145789.61,Paid,2026-07-15
INV-00103,CMP-0013,MO-005,2026-04,227334.78,204601.3,4092.03,200509.27,Paid,2026-05-15
INV-00104,CMP-0013,MO-005,2026-05,236434.6,212791.14,4255.82,208535.32,Paid,2026-06-15
INV-00105,CMP-0013,MO-005,2026-06,227617.76,204855.98,4097.12,200758.86,Paid,2026-07-15
INV-00106,CMP-0013,MO-006,2026-04,122914.84,108165.06,3028.62,105136.44,Paid,2026-05-15
INV-00107,CMP-0013,MO-006,2026-05,124633.58,109677.55,3070.97,106606.58,Paid,2026-06-15
INV-00108,CMP-0013,MO-006,2026-06,121181.69,106639.89,2985.92,103653.97,Paid,2026-07-15
INV-00109,CMP-0014,MO-002,2026-04,88757.03,78106.19,1952.65,76153.54,Paid,2026-05-15
INV-00110,CMP-0014,MO-002,2026-05,90569.05,79700.76,1992.52,77708.24,Paid,2026-06-15
INV-00111,CMP-0014,MO-002,2026-06,89839.15,79058.45,1976.46,77081.99,Paid,2026-07-15
INV-00112,CMP-0014,MO-003,2026-04,154842.04,131615.73,3948.47,127667.26,Paid,2026-05-15
INV-00113,CMP-0014,MO-003,2026-05,155689.73,132336.27,3970.09,128366.18,Paid,2026-06-15
INV-00114,CMP-0014,MO-003,2026-06,155719.49,132361.57,3970.85,128390.72,Paid,2026-07-15
INV-00115,CMP-0014,MO-006,2026-04,91359.68,80396.52,2251.1,78145.42,Paid,2026-05-15
INV-00116,CMP-0014,MO-006,2026-05,91555.07,80568.46,2255.92,78312.54,Paid,2026-06-15
INV-00117,CMP-0014,MO-006,2026-06,90937.72,80025.19,2240.71,77784.48,Issued,2026-07-15
INV-00118,CMP-0015,MO-001,2026-04,37864.28,31048.71,1241.95,29806.76,Paid,2026-05-15
INV-00119,CMP-0015,MO-001,2026-05,37923.66,31097.4,1243.9,29853.5,Paid,2026-06-15
INV-00120,CMP-0015,MO-001,2026-06,37084.05,30408.92,1216.36,29192.56,Paid,2026-07-15
INV-00121,CMP-0015,MO-003,2026-04,28436.48,24171.01,725.13,23445.88,Paid,2026-05-15
INV-00122,CMP-0015,MO-003,2026-05,29649.32,25201.92,756.06,24445.86,Paid,2026-06-15
INV-00123,CMP-0015,MO-003,2026-06,30010.92,25509.28,765.28,24744.0,Paid,2026-07-15
INV-00124,CMP-0015,MO-005,2026-04,37325.29,33592.76,671.86,32920.9,Paid,2026-05-15
INV-00125,CMP-0015,MO-005,2026-05,37756.19,33980.57,679.61,33300.96,Paid,2026-06-15
INV-00126,CMP-0015,MO-005,2026-06,38200.6,34380.54,687.61,33692.93,Paid,2026-07-15
INV-00127,CMP-0016,MO-001,2026-04,16344.15,13402.2,536.09,12866.11,Paid,2026-05-15
INV-00128,CMP-0016,MO-001,2026-05,16611.35,13621.31,544.85,13076.46,Paid,2026-06-15
INV-00129,CMP-0016,MO-001,2026-06,16542.94,13565.21,542.61,13022.6,Paid,2026-07-15
INV-00130,CMP-0016,MO-002,2026-04,32358.27,28475.28,711.88,27763.4,Paid,2026-05-15
INV-00131,CMP-0016,MO-002,2026-05,33763.99,29712.31,742.81,28969.5,Paid,2026-06-15
INV-00132,CMP-0016,MO-002,2026-06,33156.36,29177.6,729.44,28448.16,Paid,2026-07-15
INV-00133,CMP-0016,MO-004,2026-04,31966.23,26851.63,939.81,25911.82,Paid,2026-05-15
INV-00134,CMP-0016,MO-004,2026-05,32622.15,27402.61,959.09,26443.52,Paid,2026-06-15
INV-00135,CMP-0016,MO-004,2026-06,31590.56,26536.07,928.76,25607.31,Paid,2026-07-15
INV-00136,CMP-0017,MO-003,2026-04,61844.46,52567.79,1577.03,50990.76,Paid,2026-05-15
INV-00137,CMP-0017,MO-003,2026-05,61554.0,52320.9,1569.63,50751.27,Paid,2026-06-15
INV-00138,CMP-0017,MO-003,2026-06,60141.99,51120.69,1533.62,49587.07,Paid,2026-07-15
INV-00139,CMP-0017,MO-004,2026-04,50095.7,42080.39,1472.81,40607.58,Paid,2026-05-15
INV-00140,CMP-0017,MO-004,2026-05,51069.01,42897.97,1501.43,41396.54,Paid,2026-06-15
INV-00141,CMP-0017,MO-004,2026-06,50067.06,42056.33,1471.97,40584.36,Paid,2026-07-15
INV-00142,CMP-0017,MO-006,2026-04,50119.41,44105.08,1234.94,42870.14,Paid,2026-05-15
INV-00143,CMP-0017,MO-006,2026-05,50910.81,44801.51,1254.44,43547.07,Issued,2026-06-15
INV-00144,CMP-0017,MO-006,2026-06,50094.02,44082.74,1234.32,42848.42,Paid,2026-07-15
INV-00145,CMP-0018,MO-002,2026-04,105152.25,92533.98,2313.35,90220.63,Paid,2026-05-15
INV-00146,CMP-0018,MO-002,2026-05,112257.6,98786.69,2469.67,96317.02,Paid,2026-06-15
INV-00147,CMP-0018,MO-002,2026-06,107367.33,94483.25,2362.08,92121.17,Paid,2026-07-15
INV-00148,CMP-0018,MO-005,2026-04,137339.73,123605.76,2472.12,121133.64,Paid,2026-05-15
INV-00149,CMP-0018,MO-005,2026-05,139515.99,125564.39,2511.29,123053.1,Paid,2026-06-15
INV-00150,CMP-0018,MO-005,2026-06,137610.04,123849.04,2476.98,121372.06,Paid,2026-07-15
INV-00151,CMP-0018,MO-006,2026-04,130821.5,115122.92,3223.44,111899.48,Paid,2026-05-15
INV-00152,CMP-0018,MO-006,2026-05,134976.88,118779.65,3325.83,115453.82,Paid,2026-06-15
INV-00153,CMP-0018,MO-006,2026-06,129512.99,113971.43,3191.2,110780.23,Paid,2026-07-15
INV-00154,CMP-0019,MO-002,2026-04,171668.7,151068.46,3776.71,147291.75,Paid,2026-05-15
INV-00155,CMP-0019,MO-002,2026-05,172955.92,152201.21,3805.03,148396.18,Paid,2026-06-15
INV-00156,CMP-0019,MO-002,2026-06,170281.95,149848.12,3746.2,146101.92,Paid,2026-07-15
INV-00157,CMP-0019,MO-004,2026-04,111255.35,93454.49,3270.91,90183.58,Paid,2026-05-15
INV-00158,CMP-0019,MO-004,2026-05,113039.88,94953.5,3323.37,91630.13,Paid,2026-06-15
INV-00159,CMP-0019,MO-004,2026-06,112984.92,94907.33,3321.76,91585.57,Paid,2026-07-15
INV-00160,CMP-0019,MO-006,2026-04,83506.69,73485.89,2057.6,71428.29,Paid,2026-05-15
INV-00161,CMP-0019,MO-006,2026-05,81664.68,71864.92,2012.22,69852.7,Paid,2026-06-15
INV-00162,CMP-0019,MO-006,2026-06,83251.44,73261.27,2051.32,71209.95,Issued,2026-07-15
INV-00163,CMP-0020,MO-003,2026-04,68731.35,58421.65,1752.65,56669.0,Paid,2026-05-15
INV-00164,CMP-0020,MO-003,2026-05,69411.75,58999.99,1770.0,57229.99,Paid,2026-06-15
INV-00165,CMP-0020,MO-003,2026-06,67905.72,57719.86,1731.6,55988.26,Issued,2026-07-15
INV-00166,CMP-0020,MO-006,2026-04,100505.58,88444.91,2476.46,85968.45,Paid,2026-05-15
INV-00167,CMP-0020,MO-006,2026-05,102744.52,90415.18,2531.63,87883.55,Paid,2026-06-15
INV-00168,CMP-0020,MO-006,2026-06,100556.35,88489.59,2477.71,86011.88,Paid,2026-07-15
INV-00169,CMP-0021,MO-002,2026-04,132704.19,116779.69,2919.49,113860.2,Paid,2026-05-15
INV-00170,CMP-0021,MO-002,2026-05,131377.35,115612.07,2890.3,112721.77,Issued,2026-06-15
INV-00171,CMP-0021,MO-002,2026-06,131152.61,115414.3,2885.36,112528.94,Paid,2026-07-15
INV-00172,CMP-0021,MO-003,2026-04,207783.35,176615.85,5298.48,171317.37,Paid,2026-05-15
INV-00173,CMP-0021,MO-003,2026-05,202186.25,171858.31,5155.75,166702.56,Paid,2026-06-15
INV-00174,CMP-0021,MO-003,2026-06,206392.04,175433.23,5263.0,170170.23,Paid,2026-07-15
INV-00175,CMP-0021,MO-006,2026-04,90037.9,79233.35,2218.53,77014.82,Paid,2026-05-15
INV-00176,CMP-0021,MO-006,2026-05,96160.75,84621.46,2369.4,82252.06,Paid,2026-06-15
INV-00177,CMP-0021,MO-006,2026-06,88617.43,77983.34,2183.53,75799.81,Paid,2026-07-15
INV-00178,CMP-0022,MO-004,2026-04,72749.54,61109.61,2138.84,58970.77,Paid,2026-05-15
INV-00179,CMP-0022,MO-004,2026-05,74969.73,62974.57,2204.11,60770.46,Issued,2026-06-15
INV-00180,CMP-0022,MO-004,2026-06,73199.68,61487.73,2152.07,59335.66,Paid,2026-07-15
INV-00181,CMP-0022,MO-005,2026-04,89091.77,80182.59,1603.65,78578.94,Paid,2026-05-15
INV-00182,CMP-0022,MO-005,2026-05,89547.03,80592.33,1611.85,78980.48,Paid,2026-06-15
INV-00183,CMP-0022,MO-005,2026-06,90364.73,81328.26,1626.57,79701.69,Paid,2026-07-15
INV-00184,CMP-0022,MO-006,2026-04,73818.52,64960.3,1818.89,63141.41,Paid,2026-05-15
INV-00185,CMP-0022,MO-006,2026-05,72646.17,63928.63,1790.0,62138.63,Paid,2026-06-15
INV-00186,CMP-0022,MO-006,2026-06,71172.85,62632.11,1753.7,60878.41,Paid,2026-07-15
INV-00187,CMP-0023,MO-002,2026-04,141399.98,124431.98,3110.8,121321.18,Paid,2026-05-15
INV-00188,CMP-0023,MO-002,2026-05,149023.78,131140.93,3278.52,127862.41,Paid,2026-06-15
INV-00189,CMP-0023,MO-002,2026-06,143598.18,126366.4,3159.16,123207.24,Paid,2026-07-15
INV-00190,CMP-0023,MO-003,2026-04,145785.05,123917.29,3717.52,120199.77,Paid,2026-05-15
INV-00191,CMP-0023,MO-003,2026-05,147222.46,125139.09,3754.17,121384.92,Paid,2026-06-15
INV-00192,CMP-0023,MO-003,2026-06,140176.52,119150.04,3574.5,115575.54,Paid,2026-07-15
INV-00193,CMP-0023,MO-005,2026-04,110385.31,99346.78,1986.94,97359.84,Paid,2026-05-15
INV-00194,CMP-0023,MO-005,2026-05,108245.83,97421.25,1948.42,95472.83,Paid,2026-06-15
INV-00195,CMP-0023,MO-005,2026-06,107148.13,96433.32,1928.67,94504.65,Issued,2026-07-15
INV-00196,CMP-0024,MO-002,2026-04,108513.44,95491.83,2387.3,93104.53,Paid,2026-05-15
INV-00197,CMP-0024,MO-002,2026-05,111942.32,98509.24,2462.73,96046.51,Paid,2026-06-15
INV-00198,CMP-0024,MO-002,2026-06,109210.09,96104.88,2402.62,93702.26,Paid,2026-07-15
INV-00199,CMP-0024,MO-003,2026-04,214178.01,182051.31,5461.54,176589.77,Paid,2026-05-15
INV-00200,CMP-0024,MO-003,2026-05,212326.08,180477.17,5414.32,175062.85,Paid,2026-06-15
INV-00201,CMP-0024,MO-003,2026-06,209937.25,178446.66,5353.4,173093.26,Paid,2026-07-15
INV-00202,CMP-0024,MO-006,2026-04,197077.03,173427.79,4855.98,168571.81,Paid,2026-05-15
INV-00203,CMP-0024,MO-006,2026-05,207226.17,182359.03,5106.05,177252.98,Paid,2026-06-15
INV-00204,CMP-0024,MO-006,2026-06,201216.3,177070.34,4957.97,172112.37,Paid,2026-07-15
INV-00205,CMP-0025,MO-001,2026-04,36651.61,30054.32,1202.17,28852.15,Paid,2026-05-15
INV-00206,CMP-0025,MO-001,2026-05,36591.17,30004.76,1200.19,28804.57,Issued,2026-06-15
INV-00207,CMP-0025,MO-001,2026-06,37417.62,30682.45,1227.3,29455.15,Paid,2026-07-15
INV-00208,CMP-0025,MO-005,2026-04,28810.16,25929.14,518.58,25410.56,Paid,2026-05-15
INV-00209,CMP-0025,MO-005,2026-05,30282.9,27254.61,545.09,26709.52,Paid,2026-06-15
INV-00210,CMP-0025,MO-005,2026-06,29200.06,26280.05,525.6,25754.45,Paid,2026-07-15
INV-00211,CMP-0025,MO-006,2026-04,40488.72,35630.07,997.64,34632.43,Paid,2026-05-15
INV-00212,CMP-0025,MO-006,2026-05,41807.12,36790.27,1030.13,35760.14,Paid,2026-06-15
INV-00213,CMP-0025,MO-006,2026-06,40490.6,35631.73,997.69,34634.04,Paid,2026-07-15
INV-00214,CMP-0026,MO-005,2026-04,97452.47,87707.22,1754.14,85953.08,Paid,2026-05-15
INV-00215,CMP-0026,MO-005,2026-05,100538.26,90484.43,1809.69,88674.74,Paid,2026-06-15
INV-00216,CMP-0026,MO-005,2026-06,98022.89,88220.6,1764.41,86456.19,Paid,2026-07-15
INV-00217,CMP-0026,MO-006,2026-04,228216.26,200830.31,5623.25,195207.06,Paid,2026-05-15
INV-00218,CMP-0026,MO-006,2026-05,232495.41,204595.96,5728.69,198867.27,Paid,2026-06-15
INV-00219,CMP-0026,MO-006,2026-06,223584.36,196754.24,5509.12,191245.12,Paid,2026-07-15
INV-00220,CMP-0027,MO-005,2026-04,98318.79,88486.91,1769.74,86717.17,Paid,2026-05-15
INV-00221,CMP-0027,MO-005,2026-05,99594.66,89635.19,1792.7,87842.49,Paid,2026-06-15
INV-00222,CMP-0027,MO-005,2026-06,97749.53,87974.58,1759.49,86215.09,Paid,2026-07-15
INV-00223,CMP-0027,MO-006,2026-04,277790.99,244456.07,6844.77,237611.3,Issued,2026-05-15
INV-00224,CMP-0027,MO-006,2026-05,278503.36,245082.96,6862.32,238220.64,Paid,2026-06-15
INV-00225,CMP-0027,MO-006,2026-06,278461.75,245046.34,6861.3,238185.04,Paid,2026-07-15
INV-00226,CMP-0028,MO-003,2026-04,117559.21,99925.33,2997.76,96927.57,Paid,2026-05-15
INV-00227,CMP-0028,MO-003,2026-05,122710.66,104304.06,3129.12,101174.94,Paid,2026-06-15
INV-00228,CMP-0028,MO-003,2026-06,114711.41,97504.7,2925.14,94579.56,Paid,2026-07-15
INV-00229,CMP-0028,MO-004,2026-04,103656.88,87071.78,3047.51,84024.27,Paid,2026-05-15
INV-00230,CMP-0028,MO-004,2026-05,103990.45,87351.98,3057.32,84294.66,Paid,2026-06-15
INV-00231,CMP-0028,MO-004,2026-06,102453.81,86061.2,3012.14,83049.06,Paid,2026-07-15
INV-00232,CMP-0028,MO-005,2026-04,112237.94,101014.15,2020.28,98993.87,Paid,2026-05-15
INV-00233,CMP-0028,MO-005,2026-05,115544.47,103990.02,2079.8,101910.22,Paid,2026-06-15
INV-00234,CMP-0028,MO-005,2026-06,114254.67,102829.2,2056.58,100772.62,Paid,2026-07-15
INV-00235,CMP-0029,MO-002,2026-04,75555.24,66488.61,1662.22,64826.39,Paid,2026-05-15
INV-00236,CMP-0029,MO-002,2026-05,79338.48,69817.86,1745.45,68072.41,Issued,2026-06-15
INV-00237,CMP-0029,MO-002,2026-06,77417.57,68127.46,1703.19,66424.27,Paid,2026-07-15
INV-00238,CMP-0029,MO-003,2026-04,68112.55,57895.67,1736.87,56158.8,Issued,2026-05-15
INV-00239,CMP-0029,MO-003,2026-05,68196.98,57967.43,1739.02,56228.41,Paid,2026-06-15
INV-00240,CMP-0029,MO-003,2026-06,66828.38,56804.12,1704.12,55100.0,Issued,2026-07-15
INV-00241,CMP-0029,MO-004,2026-04,81089.5,68115.18,2384.03,65731.15,Issued,2026-05-15
INV-00242,CMP-0029,MO-004,2026-05,79092.46,66437.67,2325.32,64112.35,Paid,2026-06-15
INV-00243,CMP-0029,MO-004,2026-06,79906.2,67121.21,2349.24,64771.97,Paid,2026-07-15
INV-00244,CMP-0030,MO-002,2026-04,65709.39,57824.26,1445.61,56378.65,Paid,2026-05-15
INV-00245,CMP-0030,MO-002,2026-05,67303.8,59227.34,1480.68,57746.66,Paid,2026-06-15
INV-00246,CMP-0030,MO-002,2026-06,64669.26,56908.95,1422.72,55486.23,Paid,2026-07-15
INV-00247,CMP-0030,MO-004,2026-04,64168.2,53901.29,1886.55,52014.74,Paid,2026-05-15
INV-00248,CMP-0030,MO-004,2026-05,64531.21,54206.22,1897.22,52309.0,Paid,2026-06-15
INV-00249,CMP-0030,MO-004,2026-06,63470.57,53315.28,1866.03,51449.25,Paid,2026-07-15
INV-00250,CMP-0030,MO-005,2026-04,70028.62,63025.76,1260.52,61765.24,Paid,2026-05-15
INV-00251,CMP-0030,MO-005,2026-05,68748.04,61873.24,1237.46,60635.78,Paid,2026-06-15
INV-00252,CMP-0030,MO-005,2026-06,66524.44,59872.0,1197.44,58674.56,Paid,2026-07-15
INV-00253,CMP-0031,MO-003,2026-04,21350.68,18148.08,544.44,17603.64,Paid,2026-05-15
INV-00254,CMP-0031,MO-003,2026-05,22607.55,19216.42,576.49,18639.93,Paid,2026-06-15
INV-00255,CMP-0031,MO-003,2026-06,22033.61,18728.57,561.86,18166.71,Paid,2026-07-15
INV-00256,CMP-0031,MO-004,2026-04,33134.13,27832.67,974.14,26858.53,Paid,2026-05-15
INV-00257,CMP-0031,MO-004,2026-05,35020.07,29416.86,1029.59,28387.27,Paid,2026-06-15
INV-00258,CMP-0031,MO-004,2026-06,33614.57,28236.24,988.27,27247.97,Paid,2026-07-15
INV-00259,CMP-0031,MO-006,2026-04,14592.32,12841.24,359.55,12481.69,Paid,2026-05-15
INV-00260,CMP-0031,MO-006,2026-05,14808.44,13031.43,364.88,12666.55,Paid,2026-06-15
INV-00261,CMP-0031,MO-006,2026-06,14529.2,12785.7,358.0,12427.7,Paid,2026-07-15
INV-00262,CMP-0032,MO-003,2026-04,100671.26,85570.57,2567.12,83003.45,Paid,2026-05-15
INV-00263,CMP-0032,MO-003,2026-05,103688.89,88135.56,2644.07,85491.49,Paid,2026-06-15
INV-00264,CMP-0032,MO-003,2026-06,104082.79,88470.37,2654.11,85816.26,Paid,2026-07-15
INV-00265,CMP-0032,MO-005,2026-04,115291.31,103762.18,2075.24,101686.94,Paid,2026-05-15
INV-00266,CMP-0032,MO-005,2026-05,118092.39,106283.15,2125.66,104157.49,Paid,2026-06-15
INV-00267,CMP-0032,MO-005,2026-06,114261.53,102835.38,2056.71,100778.67,Paid,2026-07-15
INV-00268,CMP-0032,MO-006,2026-04,98349.02,86547.14,2423.32,84123.82,Paid,2026-05-15
INV-00269,CMP-0032,MO-006,2026-05,101720.37,89513.93,2506.39,87007.54,Paid,2026-06-15
INV-00270,CMP-0032,MO-006,2026-06,100834.26,88734.15,2484.56,86249.59,Paid,2026-07-15
INV-00271,CMP-0033,MO-001,2026-04,99555.22,81635.28,3265.41,78369.87,Paid,2026-05-15
INV-00272,CMP-0033,MO-001,2026-05,99210.29,81352.44,3254.1,78098.34,Paid,2026-06-15
INV-00273,CMP-0033,MO-001,2026-06,99385.44,81496.06,3259.84,78236.22,Paid,2026-07-15
INV-00274,CMP-0033,MO-002,2026-04,94445.43,83111.98,2077.8,81034.18,Issued,2026-05-15
INV-00275,CMP-0033,MO-002,2026-05,96198.56,84654.73,2116.37,82538.36,Paid,2026-06-15
INV-00276,CMP-0033,MO-002,2026-06,92545.65,81440.17,2036.0,79404.17,Paid,2026-07-15
INV-00277,CMP-0033,MO-006,2026-04,96853.91,85231.44,2386.48,82844.96,Paid,2026-05-15
INV-00278,CMP-0033,MO-006,2026-05,97258.97,85587.89,2396.46,83191.43,Paid,2026-06-15
INV-00279,CMP-0033,MO-006,2026-06,96346.1,84784.57,2373.97,82410.6,Paid,2026-07-15
INV-00280,CMP-0034,MO-001,2026-04,65439.13,53660.09,2146.4,51513.69,Paid,2026-05-15
INV-00281,CMP-0034,MO-001,2026-05,63320.99,51923.21,2076.93,49846.28,Paid,2026-06-15
INV-00282,CMP-0034,MO-001,2026-06,63393.91,51983.01,2079.32,49903.69,Paid,2026-07-15
INV-00283,CMP-0034,MO-003,2026-04,29131.52,24761.79,742.85,24018.94,Paid,2026-05-15
INV-00284,CMP-0034,MO-003,2026-05,28852.11,24524.29,735.73,23788.56,Paid,2026-06-15
INV-00285,CMP-0034,MO-003,2026-06,29049.88,24692.4,740.77,23951.63,Paid,2026-07-15
INV-00286,CMP-0034,MO-004,2026-04,36178.67,30390.08,1063.65,29326.43,Paid,2026-05-15
INV-00287,CMP-0034,MO-004,2026-05,36835.06,30941.45,1082.95,29858.5,Paid,2026-06-15
INV-00288,CMP-0034,MO-004,2026-06,36019.0,30255.96,1058.96,29197.0,Paid,2026-07-15
INV-00289,CMP-0035,MO-001,2026-04,105289.4,86337.31,3453.49,82883.82,Paid,2026-05-15
INV-00290,CMP-0035,MO-001,2026-05,105658.39,86639.88,3465.6,83174.28,Paid,2026-06-15
INV-00291,CMP-0035,MO-001,2026-06,102202.32,83805.9,3352.24,80453.66,Paid,2026-07-15
INV-00292,CMP-0035,MO-002,2026-04,98719.93,86873.54,2171.84,84701.7,Paid,2026-05-15
INV-00293,CMP-0035,MO-002,2026-05,100810.44,88713.19,2217.83,86495.36,Paid,2026-06-15
INV-00294,CMP-0035,MO-002,2026-06,100311.69,88274.29,2206.86,86067.43,Paid,2026-07-15
INV-00295,CMP-0035,MO-005,2026-04,50226.76,45204.08,904.08,44300.0,Paid,2026-05-15
INV-00296,CMP-0035,MO-005,2026-05,50495.66,45446.09,908.92,44537.17,Paid,2026-06-15
INV-00297,CMP-0035,MO-005,2026-06,51517.02,46365.32,927.31,45438.01,Issued,2026-07-15
INV-00298,CMP-0036,MO-002,2026-04,295407.4,259958.51,6498.96,253459.55,Paid,2026-05-15
INV-00299,CMP-0036,MO-002,2026-05,299455.72,263521.03,6588.03,256933.0,Paid,2026-06-15
INV-00300,CMP-0036,MO-002,2026-06,302235.22,265966.99,6649.17,259317.82,Paid,2026-07-15
INV-00301,CMP-0036,MO-006,2026-04,211017.42,185695.33,5199.47,180495.86,Paid,2026-05-15
INV-00302,CMP-0036,MO-006,2026-05,218626.85,192391.63,5386.97,187004.66,Paid,2026-06-15
INV-00303,CMP-0036,MO-006,2026-06,205153.78,180535.33,5054.99,175480.34,Paid,2026-07-15
INV-00304,CMP-0037,MO-002,2026-04,206404.1,181635.61,4540.89,177094.72,Paid,2026-05-15
INV-00305,CMP-0037,MO-002,2026-05,210209.1,184984.01,4624.6,180359.41,Paid,2026-06-15
INV-00306,CMP-0037,MO-002,2026-06,209583.93,184433.86,4610.85,179823.01,Paid,2026-07-15
INV-00307,CMP-0037,MO-004,2026-04,72112.49,60574.49,2120.11,58454.38,Paid,2026-05-15
INV-00308,CMP-0037,MO-004,2026-05,71858.61,60361.23,2112.64,58248.59,Paid,2026-06-15
INV-00309,CMP-0037,MO-004,2026-06,71129.86,59749.08,2091.22,57657.86,Paid,2026-07-15
INV-00310,CMP-0038,MO-001,2026-04,47953.99,39322.27,1572.89,37749.38,Paid,2026-05-15
INV-00311,CMP-0038,MO-001,2026-05,49261.7,40394.59,1615.78,38778.81,Paid,2026-06-15
INV-00312,CMP-0038,MO-001,2026-06,48770.55,39991.85,1599.67,38392.18,Paid,2026-07-15
INV-00313,CMP-0038,MO-003,2026-04,48005.47,40804.65,1224.14,39580.51,Paid,2026-05-15
INV-00314,CMP-0038,MO-003,2026-05,48247.85,41010.67,1230.32,39780.35,Paid,2026-06-15
INV-00315,CMP-0038,MO-003,2026-06,48373.13,41117.16,1233.51,39883.65,Paid,2026-07-15
INV-00316,CMP-0038,MO-005,2026-04,47060.59,42354.53,847.09,41507.44,Paid,2026-05-15
INV-00317,CMP-0038,MO-005,2026-05,48059.67,43253.7,865.07,42388.63,Paid,2026-06-15
INV-00318,CMP-0038,MO-005,2026-06,45916.83,41325.15,826.5,40498.65,Paid,2026-07-15
INV-00319,CMP-0039,MO-002,2026-04,88757.1,78106.25,1952.66,76153.59,Paid,2026-05-15
INV-00320,CMP-0039,MO-002,2026-05,88576.88,77947.65,1948.69,75998.96,Issued,2026-06-15
INV-00321,CMP-0039,MO-002,2026-06,88574.24,77945.33,1948.63,75996.7,Paid,2026-07-15
INV-00322,CMP-0039,MO-003,2026-04,91213.25,77531.26,2325.94,75205.32,Paid,2026-05-15
INV-00323,CMP-0039,MO-003,2026-05,96558.46,82074.69,2462.24,79612.45,Paid,2026-06-15
INV-00324,CMP-0039,MO-003,2026-06,96268.14,81827.92,2454.84,79373.08,Paid,2026-07-15
INV-00325,CMP-0039,MO-004,2026-04,112667.35,94640.57,3312.42,91328.15,Paid,2026-05-15
INV-00326,CMP-0039,MO-004,2026-05,117973.1,99097.4,3468.41,95628.99,Paid,2026-06-15
INV-00327,CMP-0039,MO-004,2026-06,115024.4,96620.5,3381.72,93238.78,Paid,2026-07-15
INV-00328,CMP-0040,MO-002,2026-04,129584.05,114033.96,2850.85,111183.11,Paid,2026-05-15
INV-00329,CMP-0040,MO-002,2026-05,138478.25,121860.86,3046.52,118814.34,Paid,2026-06-15
INV-00330,CMP-0040,MO-002,2026-06,133629.01,117593.53,2939.84,114653.69,Paid,2026-07-15
INV-00331,CMP-0040,MO-004,2026-04,138288.58,116162.41,4065.68,112096.73,Paid,2026-05-15
INV-00332,CMP-0040,MO-004,2026-05,135602.0,113905.68,3986.7,109918.98,Paid,2026-06-15
INV-00333,CMP-0040,MO-004,2026-06,132943.77,111672.77,3908.55,107764.22,Paid,2026-07-15
INV-00334,CMP-0040,MO-006,2026-04,193585.73,170355.44,4769.95,165585.49,Issued,2026-05-15
INV-00335,CMP-0040,MO-006,2026-05,189694.47,166931.13,4674.07,162257.06,Paid,2026-06-15
INV-00336,CMP-0040,MO-006,2026-06,183686.83,161644.41,4526.04,157118.37,Paid,2026-07-15
INV-00337,CMP-0041,MO-002,2026-07,193722.59,170475.88,4261.9,166213.98,Paid,2026-08-15
INV-00338,CMP-0041,MO-002,2026-08,197044.88,173399.49,4334.99,169064.5,Paid,2026-09-15
INV-00339,CMP-0041,MO-002,2026-09,188268.82,165676.56,4141.91,161534.65,Issued,2026-10-15
INV-00340,CMP-0041,MO-003,2026-07,130817.99,111195.29,3335.86,107859.43,Paid,2026-08-15
INV-00341,CMP-0041,MO-003,2026-08,127069.75,108009.29,3240.28,104769.01,Paid,2026-09-15
INV-00342,CMP-0041,MO-003,2026-09,126156.14,107232.72,3216.98,104015.74,Issued,2026-10-15
INV-00343,CMP-0041,MO-005,2026-07,128711.17,115840.05,2316.8,113523.25,Paid,2026-08-15
INV-00344,CMP-0041,MO-005,2026-08,129171.64,116254.48,2325.09,113929.39,Paid,2026-09-15
INV-00345,CMP-0041,MO-005,2026-09,128393.37,115554.03,2311.08,113242.95,Issued,2026-10-15
INV-00346,CMP-0042,MO-002,2026-07,137259.33,120788.21,3019.71,117768.5,Issued,2026-08-15
INV-00347,CMP-0042,MO-002,2026-08,136883.32,120457.32,3011.43,117445.89,Paid,2026-09-15
INV-00348,CMP-0042,MO-002,2026-09,132822.03,116883.39,2922.08,113961.31,Issued,2026-10-15
INV-00349,CMP-0042,MO-005,2026-07,71560.06,64404.05,1288.08,63115.97,Paid,2026-08-15
INV-00350,CMP-0042,MO-005,2026-08,68527.92,61675.13,1233.5,60441.63,Paid,2026-09-15
INV-00351,CMP-0042,MO-005,2026-09,67264.31,60537.88,1210.76,59327.12,Issued,2026-10-15
INV-00352,CMP-0043,MO-002,2026-07,281832.3,248012.42,6200.31,241812.11,Paid,2026-08-15
INV-00353,CMP-0043,MO-002,2026-08,274207.53,241302.63,6032.57,235270.06,Paid,2026-09-15
INV-00354,CMP-0043,MO-002,2026-09,266699.44,234695.51,5867.39,228828.12,Issued,2026-10-15
INV-00355,CMP-0043,MO-004,2026-07,122117.06,102578.33,3590.24,98988.09,Paid,2026-08-15
INV-00356,CMP-0043,MO-004,2026-08,116042.92,97476.05,3411.66,94064.39,Paid,2026-09-15
INV-00357,CMP-0043,MO-004,2026-09,114358.9,96061.48,3362.15,92699.33,Issued,2026-10-15
INV-00358,CMP-0044,MO-002,2026-07,77193.6,67930.37,1698.26,66232.11,Issued,2026-08-15
INV-00359,CMP-0044,MO-002,2026-08,75713.3,66627.7,1665.69,64962.01,Paid,2026-09-15
INV-00360,CMP-0044,MO-002,2026-09,73432.01,64620.17,1615.5,63004.67,Issued,2026-10-15
INV-00361,CMP-0044,MO-003,2026-07,77545.39,65913.58,1977.41,63936.17,Paid,2026-08-15
INV-00362,CMP-0044,MO-003,2026-08,74633.01,63438.06,1903.14,61534.92,Paid,2026-09-15
INV-00363,CMP-0044,MO-003,2026-09,72295.06,61450.8,1843.52,59607.28,Issued,2026-10-15
INV-00364,CMP-0044,MO-004,2026-07,82667.74,69440.9,2430.43,67010.47,Paid,2026-08-15
INV-00365,CMP-0044,MO-004,2026-08,84027.64,70583.22,2470.41,68112.81,Paid,2026-09-15
INV-00366,CMP-0044,MO-004,2026-09,82095.48,68960.2,2413.61,66546.59,Issued,2026-10-15
INV-00367,CMP-0045,MO-001,2026-07,130934.83,107366.56,4294.66,103071.9,Issued,2026-08-15
INV-00368,CMP-0045,MO-001,2026-08,129617.98,106286.74,4251.47,102035.27,Paid,2026-09-15
INV-00369,CMP-0045,MO-001,2026-09,131795.29,108072.14,4322.89,103749.25,Issued,2026-10-15
INV-00370,CMP-0045,MO-002,2026-07,164023.26,144340.47,3608.51,140731.96,Paid,2026-08-15
INV-00371,CMP-0045,MO-002,2026-08,160744.41,141455.08,3536.38,137918.7,Paid,2026-09-15
INV-00372,CMP-0045,MO-002,2026-09,159847.24,140665.57,3516.64,137148.93,Issued,2026-10-15
INV-00373,CMP-0045,MO-003,2026-07,123819.4,105246.49,3157.39,102089.1,Paid,2026-08-15
INV-00374,CMP-0045,MO-003,2026-08,118546.65,100764.65,3022.94,97741.71,Paid,2026-09-15
INV-00375,CMP-0045,MO-003,2026-09,118091.35,100377.65,3011.33,97366.32,Issued,2026-10-15
INV-00376,CMP-0046,MO-002,2026-07,100391.16,88344.22,2208.61,86135.61,Paid,2026-08-15
INV-00377,CMP-0046,MO-002,2026-08,99394.84,87467.46,2186.69,85280.77,Paid,2026-09-15
INV-00378,CMP-0046,MO-002,2026-09,100459.3,88404.18,2210.1,86194.08,Issued,2026-10-15
INV-00379,CMP-0046,MO-003,2026-07,161526.64,137297.64,4118.93,133178.71,Paid,2026-08-15
INV-00380,CMP-0046,MO-003,2026-08,152238.34,129402.59,3882.08,125520.51,Paid,2026-09-15
INV-00381,CMP-0046,MO-003,2026-09,147651.91,125504.12,3765.12,121739.0,Issued,2026-10-15
INV-00382,CMP-0046,MO-004,2026-07,75191.33,63160.72,2210.63,60950.09,Paid,2026-08-15
INV-00383,CMP-0046,MO-004,2026-08,74811.51,62841.67,2199.46,60642.21,Paid,2026-09-15
INV-00384,CMP-0046,MO-004,2026-09,74430.54,62521.65,2188.26,60333.39,Issued,2026-10-15
INV-00385,CMP-0047,MO-001,2026-07,55120.73,45199.0,1807.96,43391.04,Paid,2026-08-15
INV-00386,CMP-0047,MO-001,2026-08,54454.59,44652.76,1786.11,42866.65,Paid,2026-09-15
INV-00387,CMP-0047,MO-001,2026-09,52853.2,43339.62,1733.58,41606.04,Issued,2026-10-15
INV-00388,CMP-0047,MO-003,2026-07,33347.93,28345.74,850.37,27495.37,Paid,2026-08-15
INV-00389,CMP-0047,MO-003,2026-08,31611.27,26869.58,806.09,26063.49,Paid,2026-09-15
INV-00390,CMP-0047,MO-003,2026-09,32087.73,27274.57,818.24,26456.33,Issued,2026-10-15
INV-00391,CMP-0047,MO-004,2026-07,45636.62,38334.76,1341.72,36993.04,Issued,2026-08-15
INV-00392,CMP-0047,MO-004,2026-08,43704.52,36711.8,1284.91,35426.89,Paid,2026-09-15
INV-00393,CMP-0047,MO-004,2026-09,45231.65,37994.59,1329.81,36664.78,Issued,2026-10-15
INV-00394,CMP-0048,MO-005,2026-07,81241.06,73116.95,1462.34,71654.61,Paid,2026-08-15
INV-00395,CMP-0048,MO-005,2026-08,81619.39,73457.45,1469.15,71988.3,Paid,2026-09-15
INV-00396,CMP-0048,MO-005,2026-09,79976.78,71979.1,1439.58,70539.52,Issued,2026-10-15
INV-00397,CMP-0048,MO-006,2026-07,150316.76,132278.75,3703.81,128574.94,Paid,2026-08-15
INV-00398,CMP-0048,MO-006,2026-08,147046.26,129400.71,3623.22,125777.49,Paid,2026-09-15
INV-00399,CMP-0048,MO-006,2026-09,141895.28,124867.85,3496.3,121371.55,Issued,2026-10-15
INV-00400,CMP-0049,MO-003,2026-07,180619.12,153526.25,4605.79,148920.46,Paid,2026-08-15
INV-00401,CMP-0049,MO-003,2026-08,179104.46,152238.79,4567.16,147671.63,Paid,2026-09-15
INV-00402,CMP-0049,MO-003,2026-09,172582.42,146695.06,4400.85,142294.21,Issued,2026-10-15
INV-00403,CMP-0049,MO-004,2026-07,137524.9,115520.92,4043.23,111477.69,Paid,2026-08-15
INV-00404,CMP-0049,MO-004,2026-08,135660.82,113955.09,3988.43,109966.66,Paid,2026-09-15
INV-00405,CMP-0049,MO-004,2026-09,137622.93,115603.26,4046.11,111557.15,Issued,2026-10-15
INV-00406,CMP-0049,MO-006,2026-07,229271.47,201758.89,5649.25,196109.64,Paid,2026-08-15
INV-00407,CMP-0049,MO-006,2026-08,234703.07,206538.7,5783.08,200755.62,Paid,2026-09-15
INV-00408,CMP-0049,MO-006,2026-09,222709.2,195984.1,5487.55,190496.55,Issued,2026-10-15
INV-00409,CMP-0050,MO-004,2026-07,41346.25,34730.85,1215.58,33515.27,Paid,2026-08-15
INV-00410,CMP-0050,MO-004,2026-08,40033.07,33627.78,1176.97,32450.81,Paid,2026-09-15
INV-00411,CMP-0050,MO-004,2026-09,38962.58,32728.57,1145.5,31583.07,Issued,2026-10-15
INV-00412,CMP-0050,MO-006,2026-07,107268.32,94396.12,2643.09,91753.03,Paid,2026-08-15
INV-00413,CMP-0050,MO-006,2026-08,103048.57,90682.74,2539.12,88143.62,Paid,2026-09-15
INV-00414,CMP-0050,MO-006,2026-09,103942.39,91469.3,2561.14,88908.16,Issued,2026-10-15
INV-00415,CMP-0051,MO-002,2026-07,29553.77,26007.32,650.18,25357.14,Paid,2026-08-15
INV-00416,CMP-0051,MO-002,2026-08,28113.78,24740.13,618.5,24121.63,Paid,2026-09-15
INV-00417,CMP-0051,MO-002,2026-09,29645.38,26087.93,652.2,25435.73,Issued,2026-10-15
INV-00418,CMP-0051,MO-003,2026-07,45853.19,38975.21,1169.26,37805.95,Issued,2026-08-15
INV-00419,CMP-0051,MO-003,2026-08,43641.93,37095.64,1112.87,35982.77,Paid,2026-09-15
INV-00420,CMP-0051,MO-003,2026-09,43890.14,37306.62,1119.2,36187.42,Issued,2026-10-15
INV-00421,CMP-0051,MO-004,2026-07,61756.08,51875.11,1815.63,50059.48,Paid,2026-08-15
INV-00422,CMP-0051,MO-004,2026-08,62990.62,52912.12,1851.92,51060.2,Issued,2026-09-15
INV-00423,CMP-0051,MO-004,2026-09,60915.17,51168.74,1790.91,49377.83,Issued,2026-10-15
INV-00424,CMP-0052,MO-001,2026-07,31036.22,25449.7,1017.99,24431.71,Paid,2026-08-15
INV-00425,CMP-0052,MO-001,2026-08,30398.37,24926.66,997.07,23929.59,Paid,2026-09-15
INV-00426,CMP-0052,MO-001,2026-09,29506.8,24195.58,967.82,23227.76,Issued,2026-10-15
INV-00427,CMP-0052,MO-003,2026-07,55025.67,46771.82,1403.15,45368.67,Paid,2026-08-15
INV-00428,CMP-0052,MO-003,2026-08,53373.15,45367.18,1361.02,44006.16,Paid,2026-09-15
INV-00429,CMP-0052,MO-003,2026-09,52192.29,44363.45,1330.9,43032.55,Issued,2026-10-15
INV-00430,CMP-0052,MO-005,2026-07,34937.28,31443.55,628.87,30814.68,Paid,2026-08-15
INV-00431,CMP-0052,MO-005,2026-08,34211.93,30790.74,615.81,30174.93,Paid,2026-09-15
INV-00432,CMP-0052,MO-005,2026-09,34585.99,31127.39,622.55,30504.84,Issued,2026-10-15
INV-00433,CMP-0053,MO-002,2026-07,30426.56,26775.37,669.38,26105.99,Paid,2026-08-15
INV-00434,CMP-0053,MO-002,2026-08,29834.48,26254.34,656.36,25597.98,Paid,2026-09-15
INV-00435,CMP-0053,MO-002,2026-09,29267.8,25755.66,643.89,25111.77,Issued,2026-10-15
INV-00436,CMP-0053,MO-003,2026-07,23352.51,19849.63,595.49,19254.14,Paid,2026-08-15
INV-00437,CMP-0053,MO-003,2026-08,22959.93,19515.94,585.48,18930.46,Paid,2026-09-15
INV-00438,CMP-0053,MO-003,2026-09,22331.35,18981.65,569.45,18412.2,Issued,2026-10-15
INV-00439,CMP-0053,MO-006,2026-07,37777.94,33244.59,930.85,32313.74,Paid,2026-08-15
INV-00440,CMP-0053,MO-006,2026-08,36656.35,32257.59,903.21,31354.38,Paid,2026-09-15
INV-00441,CMP-0053,MO-006,2026-09,35584.18,31314.08,876.79,30437.29,Issued,2026-10-15
INV-00442,CMP-0054,MO-003,2026-07,141804.61,120533.92,3616.02,116917.9,Paid,2026-08-15
INV-00443,CMP-0054,MO-003,2026-08,132559.66,112675.71,3380.27,109295.44,Paid,2026-09-15
INV-00444,CMP-0054,MO-003,2026-09,136382.32,115924.97,3477.75,112447.22,Issued,2026-10-15
INV-00445,CMP-0054,MO-006,2026-07,248584.03,218753.95,6125.11,212628.84,Issued,2026-08-15
INV-00446,CMP-0054,MO-006,2026-08,242739.12,213610.43,5981.09,207629.34,Paid,2026-09-15
INV-00447,CMP-0054,MO-006,2026-09,236125.74,207790.65,5818.14,201972.51,Issued,2026-10-15
INV-00448,CMP-0055,MO-003,2026-07,85747.25,72885.16,2186.55,70698.61,Paid,2026-08-15
INV-00449,CMP-0055,MO-003,2026-08,83185.53,70707.7,2121.23,68586.47,Paid,2026-09-15
INV-00450,CMP-0055,MO-003,2026-09,84278.32,71636.57,2149.1,69487.47,Issued,2026-10-15
INV-00451,CMP-0055,MO-005,2026-07,88873.54,79986.19,1599.72,78386.47,Paid,2026-08-15
INV-00452,CMP-0055,MO-005,2026-08,89568.98,80612.08,1612.24,78999.84,Paid,2026-09-15
INV-00453,CMP-0055,MO-005,2026-09,87599.46,78839.51,1576.79,77262.72,Issued,2026-10-15
INV-00454,CMP-0055,MO-006,2026-07,99778.83,87805.37,2458.55,85346.82,Paid,2026-08-15
INV-00455,CMP-0055,MO-006,2026-08,100953.03,88838.67,2487.48,86351.19,Paid,2026-09-15
INV-00456,CMP-0055,MO-006,2026-09,99982.97,87985.01,2463.58,85521.43,Issued,2026-10-15
INV-00457,CMP-0056,MO-002,2026-07,110161.26,96941.91,2423.55,94518.36,Paid,2026-08-15
INV-00458,CMP-0056,MO-002,2026-08,109228.47,96121.05,2403.03,93718.02,Paid,2026-09-15
INV-00459,CMP-0056,MO-002,2026-09,109356.17,96233.43,2405.84,93827.59,Issued,2026-10-15
INV-00460,CMP-0056,MO-004,2026-07,87940.44,73869.97,2585.45,71284.52,Paid,2026-08-15
INV-00461,CMP-0056,MO-004,2026-08,88162.87,74056.81,2591.99,71464.82,Paid,2026-09-15
INV-00462,CMP-0056,MO-004,2026-09,85973.13,72217.43,2527.61,69689.82,Issued,2026-10-15
INV-00463,CMP-0056,MO-006,2026-07,63249.09,55659.2,1558.46,54100.74,Paid,2026-08-15
INV-00464,CMP-0056,MO-006,2026-08,62460.24,54965.01,1539.02,53425.99,Paid,2026-09-15
INV-00465,CMP-0056,MO-006,2026-09,60520.32,53257.88,1491.22,51766.66,Issued,2026-10-15
INV-00466,CMP-0057,MO-003,2026-07,164306.06,139660.15,4189.8,135470.35,Paid,2026-08-15
INV-00467,CMP-0057,MO-003,2026-08,160321.0,136272.85,4088.19,132184.66,Issued,2026-09-15
INV-00468,CMP-0057,MO-003,2026-09,157835.49,134160.17,4024.81,130135.36,Issued,2026-10-15
INV-00469,CMP-0057,MO-004,2026-07,219818.75,184647.75,6462.67,178185.08,Paid,2026-08-15
INV-00470,CMP-0057,MO-004,2026-08,212905.19,178840.36,6259.41,172580.95,Paid,2026-09-15
INV-00471,CMP-0057,MO-004,2026-09,211537.38,177691.4,6219.2,171472.2,Issued,2026-10-15
INV-00472,CMP-0057,MO-006,2026-07,196733.45,173125.44,4847.51,168277.93,Paid,2026-08-15
INV-00473,CMP-0057,MO-006,2026-08,196064.9,172537.11,4831.04,167706.07,Paid,2026-09-15
INV-00474,CMP-0057,MO-006,2026-09,187733.09,165205.12,4625.74,160579.38,Issued,2026-10-15
INV-00475,CMP-0058,MO-001,2026-07,49693.17,40748.4,1629.94,39118.46,Paid,2026-08-15
INV-00476,CMP-0058,MO-001,2026-08,50097.01,41079.55,1643.18,39436.37,Paid,2026-09-15
INV-00477,CMP-0058,MO-001,2026-09,49228.22,40367.14,1614.69,38752.45,Issued,2026-10-15
INV-00478,CMP-0058,MO-002,2026-07,72062.89,63415.34,1585.38,61829.96,Paid,2026-08-15
INV-00479,CMP-0058,MO-002,2026-08,73591.92,64760.89,1619.02,63141.87,Paid,2026-09-15
INV-00480,CMP-0058,MO-002,2026-09,70480.01,62022.41,1550.56,60471.85,Issued,2026-10-15
INV-00481,CMP-0059,MO-002,2026-07,172068.76,151420.51,3785.51,147635.0,Paid,2026-08-15
INV-00482,CMP-0059,MO-002,2026-08,166189.1,146246.41,3656.16,142590.25,Paid,2026-09-15
INV-00483,CMP-0059,MO-002,2026-09,164769.3,144996.98,3624.92,141372.06,Issued,2026-10-15
INV-00484,CMP-0059,MO-005,2026-07,119458.9,107513.01,2150.26,105362.75,Issued,2026-08-15
INV-00485,CMP-0059,MO-005,2026-08,117586.2,105827.58,2116.55,103711.03,Paid,2026-09-15
INV-00486,CMP-0059,MO-005,2026-09,115178.74,103660.87,2073.22,101587.65,Issued,2026-10-15
INV-00487,CMP-0060,MO-001,2026-07,58514.51,47981.9,1919.28,46062.62,Paid,2026-08-15
INV-00488,CMP-0060,MO-001,2026-08,56008.76,45927.18,1837.09,44090.09,Paid,2026-09-15
INV-00489,CMP-0060,MO-001,2026-09,53910.49,44206.6,1768.26,42438.34,Issued,2026-10-15
INV-00490,CMP-0060,MO-002,2026-07,38208.89,33623.82,840.6,32783.22,Paid,2026-08-15
INV-00491,CMP-0060,MO-002,2026-08,37188.75,32726.1,818.15,31907.95,Paid,2026-09-15
INV-00492,CMP-0060,MO-002,2026-09,37531.93,33028.1,825.7,32202.4,Issued,2026-10-15
INV-00493,CMP-0060,MO-005,2026-07,45301.64,40771.48,815.43,39956.05,Paid,2026-08-15
INV-00494,CMP-0060,MO-005,2026-08,42578.93,38321.04,766.42,37554.62,Paid,2026-09-15
INV-00495,CMP-0060,MO-005,2026-09,42567.77,38310.99,766.22,37544.77,Issued,2026-10-15
INV-00496,CMP-0061,MO-004,2026-07,139639.87,117297.49,4105.41,113192.08,Paid,2026-08-15
INV-00497,CMP-0061,MO-004,2026-08,141323.65,118711.87,4154.92,114556.95,Issued,2026-09-15
INV-00498,CMP-0061,MO-004,2026-09,132460.54,111266.85,3894.34,107372.51,Issued,2026-10-15
INV-00499,CMP-0061,MO-006,2026-07,231059.1,203332.01,5693.3,197638.71,Issued,2026-08-15
INV-00500,CMP-0061,MO-006,2026-08,228893.87,201426.61,5639.95,195786.66,Paid,2026-09-15
INV-00501,CMP-0061,MO-006,2026-09,228736.97,201288.53,5636.08,195652.45,Issued,2026-10-15
INV-00502,CMP-0062,MO-002,2026-07,201672.81,177472.07,4436.8,173035.27,Paid,2026-08-15
INV-00503,CMP-0062,MO-002,2026-08,198248.65,174458.81,4361.47,170097.34,Paid,2026-09-15
INV-00504,CMP-0062,MO-002,2026-09,194459.48,171124.34,4278.11,166846.23,Issued,2026-10-15
INV-00505,CMP-0062,MO-005,2026-07,151660.84,136494.76,2729.9,133764.86,Paid,2026-08-15
INV-00506,CMP-0062,MO-005,2026-08,150585.8,135527.22,2710.54,132816.68,Paid,2026-09-15
INV-00507,CMP-0062,MO-005,2026-09,148923.44,134031.1,2680.62,131350.48,Issued,2026-10-15
INV-00508,CMP-0062,MO-006,2026-07,127920.17,112569.75,3151.95,109417.8,Issued,2026-08-15
INV-00509,CMP-0062,MO-006,2026-08,126995.05,111755.64,3129.16,108626.48,Paid,2026-09-15
INV-00510,CMP-0062,MO-006,2026-09,123830.1,108970.49,3051.17,105919.32,Issued,2026-10-15
INV-00511,CMP-0063,MO-001,2026-07,97920.21,80294.57,3211.78,77082.79,Issued,2026-08-15
INV-00512,CMP-0063,MO-001,2026-08,101145.02,82938.92,3317.56,79621.36,Paid,2026-09-15
INV-00513,CMP-0063,MO-001,2026-09,99658.17,81719.7,3268.79,78450.91,Issued,2026-10-15
INV-00514,CMP-0063,MO-002,2026-07,210037.43,184832.94,4620.82,180212.12,Paid,2026-08-15
INV-00515,CMP-0063,MO-002,2026-08,210201.98,184977.74,4624.44,180353.3,Paid,2026-09-15
INV-00516,CMP-0063,MO-002,2026-09,208643.33,183606.13,4590.15,179015.98,Issued,2026-10-15
INV-00517,CMP-0064,MO-001,2026-07,219338.49,179857.56,7194.3,172663.26,Paid,2026-08-15
INV-00518,CMP-0064,MO-001,2026-08,221319.27,181481.8,7259.27,174222.53,Paid,2026-09-15
INV-00519,CMP-0064,MO-001,2026-09,222898.57,182776.83,7311.07,175465.76,Issued,2026-10-15
INV-00520,CMP-0064,MO-002,2026-07,105719.23,93032.92,2325.82,90707.1,Paid,2026-08-15
INV-00521,CMP-0064,MO-002,2026-08,105517.14,92855.08,2321.38,90533.7,Issued,2026-09-15
INV-00522,CMP-0064,MO-002,2026-09,102565.31,90257.47,2256.44,88001.03,Issued,2026-10-15
INV-00523,CMP-0064,MO-004,2026-07,143155.89,120250.95,4208.78,116042.17,Paid,2026-08-15
INV-00524,CMP-0064,MO-004,2026-08,139293.82,117006.81,4095.24,112911.57,Paid,2026-09-15
INV-00525,CMP-0064,MO-004,2026-09,141764.29,119082.0,4167.87,114914.13,Issued,2026-10-15
INV-00526,CMP-0065,MO-001,2026-07,51332.27,42092.46,1683.7,40408.76,Paid,2026-08-15
INV-00527,CMP-0065,MO-001,2026-08,51030.22,41844.78,1673.79,40170.99,Paid,2026-09-15
INV-00528,CMP-0065,MO-001,2026-09,49203.18,40346.61,1613.86,38732.75,Issued,2026-10-15
INV-00529,CMP-0065,MO-002,2026-07,34033.69,29949.65,748.74,29200.91,Paid,2026-08-15
INV-00530,CMP-0065,MO-002,2026-08,33014.31,29052.59,726.31,28326.28,Paid,2026-09-15
INV-00531,CMP-0065,MO-002,2026-09,32692.67,28769.55,719.24,28050.31,Issued,2026-10-15
INV-00532,CMP-0065,MO-006,2026-07,43548.38,38322.57,1073.03,37249.54,Paid,2026-08-15
INV-00533,CMP-0065,MO-006,2026-08,42886.09,37739.76,1056.71,36683.05,Paid,2026-09-15
INV-00534,CMP-0065,MO-006,2026-09,43738.08,38489.51,1077.71,37411.8,Issued,2026-10-15
INV-00535,CMP-0066,MO-001,2026-07,127545.35,104587.19,4183.49,100403.7,Paid,2026-08-15
INV-00536,CMP-0066,MO-001,2026-08,125327.21,102768.31,4110.73,98657.58,Paid,2026-09-15
INV-00537,CMP-0066,MO-001,2026-09,122495.59,100446.38,4017.86,96428.52,Issued,2026-10-15
INV-00538,CMP-0066,MO-005,2026-07,142682.6,128414.34,2568.29,125846.05,Paid,2026-08-15
INV-00539,CMP-0066,MO-005,2026-08,136545.02,122890.52,2457.81,120432.71,Paid,2026-09-15
INV-00540,CMP-0066,MO-005,2026-09,137797.12,124017.41,2480.35,121537.06,Issued,2026-10-15
INV-00541,CMP-0066,MO-006,2026-07,90740.55,79851.68,2235.85,77615.83,Paid,2026-08-15
INV-00542,CMP-0066,MO-006,2026-08,90561.38,79694.01,2231.43,77462.58,Paid,2026-09-15
INV-00543,CMP-0066,MO-006,2026-09,91002.99,80082.63,2242.31,77840.32,Issued,2026-10-15
INV-00544,CMP-0067,MO-001,2026-07,132447.33,108606.81,4344.27,104262.54,Paid,2026-08-15
INV-00545,CMP-0067,MO-001,2026-08,135286.33,110934.79,4437.39,106497.4,Paid,2026-09-15
INV-00546,CMP-0067,MO-001,2026-09,134100.24,109962.2,4398.49,105563.71,Issued,2026-10-15
INV-00547,CMP-0067,MO-006,2026-07,230997.67,203277.95,5691.78,197586.17,Paid,2026-08-15
INV-00548,CMP-0067,MO-006,2026-08,220638.84,194162.18,5436.54,188725.64,Paid,2026-09-15
INV-00549,CMP-0067,MO-006,2026-09,222890.67,196143.79,5492.03,190651.76,Issued,2026-10-15
INV-00550,CMP-0068,MO-001,2026-07,74508.99,61097.37,2443.89,58653.48,Issued,2026-08-15
INV-00551,CMP-0068,MO-001,2026-08,71754.34,58838.56,2353.54,56485.02,Issued,2026-09-15
INV-00552,CMP-0068,MO-002,2026-07,97910.72,86161.43,2154.04,84007.39,Paid,2026-08-15
INV-00553,CMP-0068,MO-002,2026-08,95684.48,84202.34,2105.06,82097.28,Paid,2026-09-15
INV-00554,CMP-0068,MO-006,2026-07,84458.64,74323.6,2081.06,72242.54,Paid,2026-08-15
INV-00555,CMP-0068,MO-006,2026-08,80922.28,71211.61,1993.93,69217.68,Paid,2026-09-15
INV-00556,CMP-0069,MO-001,2026-07,55372.7,45405.61,1816.22,43589.39,Paid,2026-08-15
INV-00557,CMP-0069,MO-001,2026-08,54220.74,44461.01,1778.44,42682.57,Paid,2026-09-15
INV-00558,CMP-0069,MO-001,2026-09,53757.44,44081.1,1763.24,42317.86,Issued,2026-10-15
INV-00559,CMP-0069,MO-003,2026-07,57282.68,48690.28,1460.71,47229.57,Paid,2026-08-15
INV-00560,CMP-0069,MO-003,2026-08,54218.33,46085.58,1382.57,44703.01,Paid,2026-09-15
INV-00561,CMP-0069,MO-003,2026-09,53278.27,45286.53,1358.6,43927.93,Issued,2026-10-15
INV-00562,CMP-0069,MO-005,2026-07,39872.29,35885.06,717.7,35167.36,Issued,2026-08-15
INV-00563,CMP-0069,MO-005,2026-08,38226.93,34404.24,688.08,33716.16,Paid,2026-09-15
INV-00564,CMP-0069,MO-005,2026-09,39097.27,35187.54,703.75,34483.79,Issued,2026-10-15
INV-00565,CMP-0070,MO-002,2026-07,84644.52,74487.18,1862.18,72625.0,Paid,2026-08-15
INV-00566,CMP-0070,MO-002,2026-08,80676.78,70995.57,1774.89,69220.68,Paid,2026-09-15
INV-00567,CMP-0070,MO-002,2026-09,80213.5,70587.88,1764.7,68823.18,Issued,2026-10-15
INV-00568,CMP-0070,MO-004,2026-07,79029.11,66384.45,2323.46,64060.99,Issued,2026-08-15
INV-00569,CMP-0070,MO-004,2026-08,75216.42,63181.79,2211.36,60970.43,Paid,2026-09-15
INV-00570,CMP-0070,MO-004,2026-09,75592.52,63497.72,2222.42,61275.3,Issued,2026-10-15
INV-00571,CMP-0070,MO-006,2026-07,83051.23,73085.08,2046.38,71038.7,Paid,2026-08-15
INV-00572,CMP-0070,MO-006,2026-08,80847.45,71145.76,1992.08,69153.68,Paid,2026-09-15
INV-00573,CMP-0070,MO-006,2026-09,82239.64,72370.88,2026.38,70344.5,Issued,2026-10-15
INV-00574,CMP-0071,MO-001,2026-07,36851.26,30218.03,1208.72,29009.31,Issued,2026-08-15
INV-00575,CMP-0071,MO-001,2026-08,35500.41,29110.34,1164.41,27945.93,Paid,2026-09-15
INV-00576,CMP-0071,MO-001,2026-09,34259.18,28092.53,1123.7,26968.83,Issued,2026-10-15
INV-00577,CMP-0071,MO-002,2026-07,26394.02,23226.74,580.67,22646.07,Paid,2026-08-15
INV-00578,CMP-0071,MO-002,2026-08,25488.33,22429.73,560.74,21868.99,Paid,2026-09-15
INV-00579,CMP-0071,MO-002,2026-09,26222.72,23075.99,576.9,22499.09,Issued,2026-10-15
INV-00580,CMP-0071,MO-003,2026-07,46246.68,39309.68,1179.29,38130.39,Paid,2026-08-15
INV-00581,CMP-0071,MO-003,2026-08,44399.35,37739.45,1132.18,36607.27,Paid,2026-09-15
INV-00582,CMP-0071,MO-003,2026-09,42662.99,36263.54,1087.91,35175.63,Issued,2026-10-15
INV-00583,CMP-0072,MO-004,2026-07,107029.38,89904.68,3146.66,86758.02,Paid,2026-08-15
INV-00584,CMP-0072,MO-004,2026-08,106903.06,89798.57,3142.95,86655.62,Paid,2026-09-15
INV-00585,CMP-0072,MO-005,2026-07,222994.07,200694.66,4013.89,196680.77,Paid,2026-08-15
INV-00586,CMP-0072,MO-005,2026-08,214593.9,193134.51,3862.69,189271.82,Paid,2026-09-15
INV-00587,CMP-0072,MO-006,2026-07,184929.61,162738.06,4556.67,158181.39,Paid,2026-08-15
INV-00588,CMP-0072,MO-006,2026-08,178825.7,157366.62,4406.27,152960.35,Issued,2026-09-15
INV-00589,CMP-0073,MO-001,2026-07,144487.04,118479.37,4739.17,113740.2,Paid,2026-08-15
INV-00590,CMP-0073,MO-001,2026-08,142206.44,116609.28,4664.37,111944.91,Paid,2026-09-15
INV-00591,CMP-0073,MO-001,2026-09,140951.48,115580.21,4623.21,110957.0,Issued,2026-10-15
INV-00592,CMP-0073,MO-004,2026-07,121793.13,102306.23,3580.72,98725.51,Paid,2026-08-15
INV-00593,CMP-0073,MO-004,2026-08,123373.64,103633.86,3627.19,100006.67,Paid,2026-09-15
INV-00594,CMP-0073,MO-004,2026-09,122758.48,103117.12,3609.1,99508.02,Issued,2026-10-15
INV-00595,CMP-0073,MO-006,2026-07,163120.86,143546.36,4019.3,139527.06,Paid,2026-08-15
INV-00596,CMP-0073,MO-006,2026-08,167937.17,147784.71,4137.97,143646.74,Paid,2026-09-15
INV-00597,CMP-0073,MO-006,2026-09,160250.69,141020.61,3948.58,137072.03,Issued,2026-10-15
INV-00598,CMP-0074,MO-002,2026-07,195773.74,172280.89,4307.02,167973.87,Paid,2026-08-15
INV-00599,CMP-0074,MO-002,2026-08,193918.2,170648.02,4266.2,166381.82,Paid,2026-09-15
INV-00600,CMP-0074,MO-002,2026-09,188529.24,165905.73,4147.64,161758.09,Issued,2026-10-15
INV-00601,CMP-0074,MO-006,2026-07,118457.68,104242.76,2918.8,101323.96,Paid,2026-08-15
INV-00602,CMP-0074,MO-006,2026-08,114913.88,101124.21,2831.48,98292.73,Paid,2026-09-15
INV-00603,CMP-0074,MO-006,2026-09,115439.44,101586.71,2844.43,98742.28,Issued,2026-10-15
INV-00604,CMP-0075,MO-004,2026-07,125876.11,105735.93,3700.76,102035.17,Paid,2026-08-15
INV-00605,CMP-0075,MO-004,2026-08,124874.67,104894.72,3671.32,101223.4,Paid,2026-09-15
INV-00606,CMP-0075,MO-004,2026-09,123690.4,103899.94,3636.5,100263.44,Issued,2026-10-15
INV-00607,CMP-0075,MO-005,2026-07,86722.82,78050.54,1561.01,76489.53,Paid,2026-08-15
INV-00608,CMP-0075,MO-005,2026-08,83172.79,74855.51,1497.11,73358.4,Paid,2026-09-15
INV-00609,CMP-0075,MO-005,2026-09,82637.69,74373.92,1487.48,72886.44,Issued,2026-10-15
INV-00610,CMP-0075,MO-006,2026-07,160484.16,141226.06,3954.33,137271.73,Paid,2026-08-15
INV-00611,CMP-0075,MO-006,2026-08,156857.28,138034.41,3864.96,134169.45,Paid,2026-09-15
INV-00612,CMP-0075,MO-006,2026-09,154377.81,135852.47,3803.87,132048.6,Issued,2026-10-15
INV-00613,CMP-0076,MO-002,2026-07,251215.49,221069.63,5526.74,215542.89,Paid,2026-08-15
INV-00614,CMP-0076,MO-002,2026-08,240841.12,211940.19,5298.5,206641.69,Paid,2026-09-15
INV-00615,CMP-0076,MO-002,2026-09,244506.27,215165.52,5379.14,209786.38,Issued,2026-10-15
INV-00616,CMP-0076,MO-003,2026-07,122975.88,104529.5,3135.88,101393.62,Paid,2026-08-15
INV-00617,CMP-0076,MO-003,2026-08,123334.55,104834.37,3145.03,101689.34,Paid,2026-09-15
INV-00618,CMP-0076,MO-003,2026-09,123954.0,105360.9,3160.83,102200.07,Issued,2026-10-15
INV-00619,CMP-0076,MO-006,2026-07,153460.78,135045.49,3781.27,131264.22,Paid,2026-08-15
INV-00620,CMP-0076,MO-006,2026-08,147746.58,130016.99,3640.48,126376.51,Paid,2026-09-15
INV-00621,CMP-0076,MO-006,2026-09,152053.83,133807.37,3746.61,130060.76,Issued,2026-10-15
INV-00622,CMP-0077,MO-001,2026-07,132764.84,108867.17,4354.69,104512.48,Paid,2026-08-15
INV-00623,CMP-0077,MO-001,2026-08,128501.96,105371.61,4214.86,101156.75,Paid,2026-09-15
INV-00624,CMP-0077,MO-001,2026-09,127789.24,104787.18,4191.49,100595.69,Issued,2026-10-15
INV-00625,CMP-0077,MO-005,2026-07,86699.09,78029.18,1560.58,76468.6,Paid,2026-08-15
INV-00626,CMP-0077,MO-005,2026-08,85869.17,77282.25,1545.64,75736.61,Paid,2026-09-15
INV-00627,CMP-0077,MO-005,2026-09,83269.92,74942.93,1498.86,73444.07,Issued,2026-10-15
INV-00628,CMP-0077,MO-006,2026-07,120626.12,106150.99,2972.23,103178.76,Paid,2026-08-15
INV-00629,CMP-0077,MO-006,2026-08,122114.07,107460.38,3008.89,104451.49,Issued,2026-09-15
INV-00630,CMP-0077,MO-006,2026-09,117829.72,103690.15,2903.32,100786.83,Issued,2026-10-15
INV-00631,CMP-0078,MO-002,2026-07,198649.01,174811.13,4370.28,170440.85,Issued,2026-08-15
INV-00632,CMP-0078,MO-002,2026-08,193925.57,170654.5,4266.36,166388.14,Issued,2026-09-15
INV-00633,CMP-0078,MO-002,2026-09,190486.86,167628.44,4190.71,163437.73,Issued,2026-10-15
INV-00634,CMP-0078,MO-003,2026-07,141629.12,120384.75,3611.54,116773.21,Paid,2026-08-15
INV-00635,CMP-0078,MO-003,2026-08,143229.34,121744.94,3652.35,118092.59,Issued,2026-09-15
INV-00636,CMP-0078,MO-003,2026-09,142683.93,121281.34,3638.44,117642.9,Issued,2026-10-15
INV-00637,CMP-0078,MO-006,2026-07,121903.98,107275.5,3003.71,104271.79,Paid,2026-08-15
INV-00638,CMP-0078,MO-006,2026-08,122256.65,107585.85,3012.4,104573.45,Paid,2026-09-15
INV-00639,CMP-0078,MO-006,2026-09,117914.07,103764.38,2905.4,100858.98,Issued,2026-10-15
INV-00640,CMP-0079,MO-001,2026-07,45781.96,37541.21,1501.65,36039.56,Paid,2026-08-15
INV-00641,CMP-0079,MO-001,2026-08,44017.26,36094.15,1443.77,34650.38,Paid,2026-09-15
INV-00642,CMP-0079,MO-001,2026-09,42979.15,35242.9,1409.72,33833.18,Issued,2026-10-15
INV-00643,CMP-0079,MO-002,2026-07,35140.12,30923.31,773.08,30150.23,Paid,2026-08-15
INV-00644,CMP-0079,MO-002,2026-08,34287.72,30173.19,754.33,29418.86,Paid,2026-09-15
INV-00645,CMP-0079,MO-002,2026-09,33913.6,29843.97,746.1,29097.87,Issued,2026-10-15
INV-00646,CMP-0079,MO-004,2026-07,52629.51,44208.79,1547.31,42661.48,Issued,2026-08-15
INV-00647,CMP-0079,MO-004,2026-08,50756.65,42635.59,1492.25,41143.34,Paid,2026-09-15
INV-00648,CMP-0079,MO-004,2026-09,51160.51,42974.83,1504.12,41470.71,Issued,2026-10-15
INV-00649,CMP-0080,MO-001,2026-07,157513.44,129161.02,5166.44,123994.58,Paid,2026-08-15
INV-00650,CMP-0080,MO-001,2026-08,154477.09,126671.21,5066.85,121604.36,Paid,2026-09-15
INV-00651,CMP-0080,MO-001,2026-09,149792.76,122830.06,4913.2,117916.86,Issued,2026-10-15
INV-00652,CMP-0080,MO-005,2026-07,220098.58,198088.72,3961.77,194126.95,Paid,2026-08-15
INV-00653,CMP-0080,MO-005,2026-08,219076.5,197168.85,3943.38,193225.47,Paid,2026-09-15
INV-00654,CMP-0080,MO-005,2026-09,214976.43,193478.79,3869.58,189609.21,Issued,2026-10-15
INV-00655,CMP-0080,MO-006,2026-07,191427.43,168456.14,4716.77,163739.37,Paid,2026-08-15
INV-00656,CMP-0080,MO-006,2026-08,177317.41,156039.32,4369.1,151670.22,Issued,2026-09-15
INV-00657,CMP-0080,MO-006,2026-09,182178.3,160316.9,4488.87,155828.03,Issued,2026-10-15
